timestamp	phase	worker	class_name	block	seed	task	sub_task	steps	termination_status	source	agent_dir	agent_pos	reward	action_space	observation_space
20200225T181144.006714	3.train	env-0	minigridkit_minigridkit_minigridfourrooms	8	3841288960	2600	0	100	DONE	NEXT	0	[ 8 14]	0	Discrete(7)	Dict(image:Box(7, 7, 3))
20200225T181144.588157	3.train	env-0	minigridkit_minigridkit_minigridfourrooms	8	2712308447	2602	0	100	DONE	NEXT	0	[ 8 12]	0	Discrete(7)	Dict(image:Box(7, 7, 3))
20200225T181146.124411	3.train	env-0	minigridkit_minigridkit_minigridfourrooms	8	4039455937	2604	0	100	DONE	NEXT	0	[12 13]	0	Discrete(7)	Dict(image:Box(7, 7, 3))
20200225T181146.579030	3.train	env-0	minigridkit_minigridkit_minigridfourrooms	8	575302958	2607	0	100	DONE	NEXT	1	[3 8]	0	Discrete(7)	Dict(image:Box(7, 7, 3))
20200225T181148.521163	3.train	env-0	minigridkit_minigridkit_minigridfourrooms	8	919510294	2609	0	100	DONE	NEXT	1	[14 12]	0	Discrete(7)	Dict(image:Box(7, 7, 3))
20200225T181149.091977	3.train	env-0	minigridkit_minigridkit_minigridfourrooms	8	408839704	2611	0	71	DONE	NEXT	1	[ 2 15]	0.361	Discrete(7)	Dict(image:Box(7, 7, 3))
20200225T181150.917131	3.train	env-0	minigridkit_minigridkit_minigridfourrooms	8	2564262886	2613	0	100	DONE	NEXT	1	[15 14]	0	Discrete(7)	Dict(image:Box(7, 7, 3))
20200225T181151.387437	3.train	env-0	minigridkit_minigridkit_minigridfourrooms	8	1800657627	2615	0	100	DONE	NEXT	1	[ 6 12]	0	Discrete(7)	Dict(image:Box(7, 7, 3))
20200225T181153.560402	3.train	env-0	minigridkit_minigridkit_minigridfourrooms	8	1290239216	2618	0	100	DONE	NEXT	1	[1 8]	0	Discrete(7)	Dict(image:Box(7, 7, 3))
20200225T181153.751971	3.train	env-0	minigridkit_minigridkit_minigridfourrooms	8	1067861200	2620	0	38	DONE	NEXT	1	[5 8]	0.6579999999999999	Discrete(7)	Dict(image:Box(7, 7, 3))
20200225T181155.284778	3.train	env-0	minigridkit_minigridkit_minigridfourrooms	8	691193643	2622	0	100	DONE	NEXT	2	[4 7]	0	Discrete(7)	Dict(image:Box(7, 7, 3))
20200225T181155.584695	3.train	env-0	minigridkit_minigridkit_minigridfourrooms	8	3730030271	2624	0	100	DONE	NEXT	0	[7 7]	0	Discrete(7)	Dict(image:Box(7, 7, 3))
20200225T181156.871673	3.train	env-0	minigridkit_minigridkit_minigridfourrooms	8	768911666	2627	0	100	DONE	NEXT	2	[10  7]	0	Discrete(7)	Dict(image:Box(7, 7, 3))
20200225T181157.248754	3.train	env-0	minigridkit_minigridkit_minigridfourrooms	8	1594835496	2629	0	100	DONE	NEXT	1	[4 2]	0	Discrete(7)	Dict(image:Box(7, 7, 3))
20200225T181158.697875	3.train	env-0	minigridkit_minigridkit_minigridfourrooms	8	2056461494	2631	0	100	DONE	NEXT	3	[10  5]	0	Discrete(7)	Dict(image:Box(7, 7, 3))
20200225T181159.445222	3.train	env-0	minigridkit_minigridkit_minigridfourrooms	8	3333895190	2633	0	100	DONE	NEXT	0	[5 4]	0	Discrete(7)	Dict(image:Box(7, 7, 3))
20200225T181201.484747	3.train	env-0	minigridkit_minigridkit_minigridfourrooms	8	2480617085	2637	0	100	DONE	NEXT	1	[5 7]	0	Discrete(7)	Dict(image:Box(7, 7, 3))
20200225T181202.025679	3.train	env-0	minigridkit_minigridkit_minigridfourrooms	8	3096937716	2640	0	100	DONE	NEXT	1	[8 6]	0	Discrete(7)	Dict(image:Box(7, 7, 3))
20200225T181203.821147	3.train	env-0	minigridkit_minigridkit_minigridfourrooms	8	2048068391	2642	0	100	DONE	NEXT	3	[8 4]	0	Discrete(7)	Dict(image:Box(7, 7, 3))
20200225T181204.161153	3.train	env-0	minigridkit_minigridkit_minigridfourrooms	8	3671970825	2645	0	100	DONE	NEXT	1	[8 6]	0	Discrete(7)	Dict(image:Box(7, 7, 3))
20200225T181205.362817	3.train	env-0	minigridkit_minigridkit_minigridfourrooms	8	1889312570	2647	0	100	DONE	NEXT	0	[ 7 10]	0	Discrete(7)	Dict(image:Box(7, 7, 3))
20200225T181205.902307	3.train	env-0	minigridkit_minigridkit_minigridfourrooms	8	616551040	2649	0	100	DONE	NEXT	3	[5 3]	0	Discrete(7)	Dict(image:Box(7, 7, 3))
20200225T181207.157045	3.train	env-0	minigridkit_minigridkit_minigridfourrooms	8	1694434015	2653	0	100	DONE	NEXT	2	[6 2]	0	Discrete(7)	Dict(image:Box(7, 7, 3))
20200225T181207.475658	3.train	env-0	minigridkit_minigridkit_minigridfourrooms	8	2644497706	2655	0	68	DONE	NEXT	2	[11 13]	0.3879999999999999	Discrete(7)	Dict(image:Box(7, 7, 3))
20200225T181207.837968	3.train	env-0	minigridkit_minigridkit_minigridfourrooms	8	1572121798	2657	0	100	DONE	NEXT	3	[5 9]	0	Discrete(7)	Dict(image:Box(7, 7, 3))
20200225T181209.486915	3.train	env-0	minigridkit_minigridkit_minigridfourrooms	8	2555920672	2659	0	100	DONE	NEXT	0	[8 4]	0	Discrete(7)	Dict(image:Box(7, 7, 3))
20200225T181209.614053	3.train	env-0	minigridkit_minigridkit_minigridfourrooms	8	532465875	2661	0	24	DONE	NEXT	3	[4 7]	0.784	Discrete(7)	Dict(image:Box(7, 7, 3))
20200225T181209.723383	3.train	env-0	minigridkit_minigridkit_minigridfourrooms	8	3346075245	2662	0	20	DONE	NEXT	1	[ 7 10]	0.82	Discrete(7)	Dict(image:Box(7, 7, 3))
20200225T181211.696173	3.train	env-0	minigridkit_minigridkit_minigridfourrooms	8	1138308673	2664	0	100	DONE	NEXT	2	[4 4]	0	Discrete(7)	Dict(image:Box(7, 7, 3))
20200225T181212.299837	3.train	env-0	minigridkit_minigridkit_minigridfourrooms	8	1746423625	2666	0	100	DONE	NEXT	1	[10  6]	0	Discrete(7)	Dict(image:Box(7, 7, 3))
20200225T181214.618877	3.train	env-0	minigridkit_minigridkit_minigridfourrooms	8	3386367073	2668	0	100	DONE	NEXT	2	[3 4]	0	Discrete(7)	Dict(image:Box(7, 7, 3))
20200225T181215.390249	3.train	env-0	minigridkit_minigridkit_minigridfourrooms	8	1253175658	2670	0	100	DONE	NEXT	3	[17  4]	0	Discrete(7)	Dict(image:Box(7, 7, 3))
20200225T181215.482060	3.train	env-0	minigridkit_minigridkit_minigridfourrooms	8	3145410998	2672	0	13	DONE	NEXT	1	[5 7]	0.883	Discrete(7)	Dict(image:Box(7, 7, 3))
20200225T181217.523385	3.train	env-0	minigridkit_minigridkit_minigridfourrooms	8	1933099309	2673	0	67	DONE	NEXT	0	[15  4]	0.3969999999999999	Discrete(7)	Dict(image:Box(7, 7, 3))
20200225T181218.433907	3.train	env-0	minigridkit_minigridkit_minigridfourrooms	8	2997990895	2674	0	100	DONE	NEXT	1	[14  4]	0	Discrete(7)	Dict(image:Box(7, 7, 3))
20200225T181220.370597	3.train	env-0	minigridkit_minigridkit_minigridfourrooms	8	2643076329	2677	0	100	DONE	NEXT	0	[8 5]	0	Discrete(7)	Dict(image:Box(7, 7, 3))
20200225T181220.954585	3.train	env-0	minigridkit_minigridkit_minigridfourrooms	8	2118748193	2679	0	100	DONE	NEXT	2	[10  5]	0	Discrete(7)	Dict(image:Box(7, 7, 3))
20200225T181222.774389	3.train	env-0	minigridkit_minigridkit_minigridfourrooms	8	3852642791	2681	0	100	DONE	NEXT	0	[8 4]	0	Discrete(7)	Dict(image:Box(7, 7, 3))
20200225T181223.372909	3.train	env-0	minigridkit_minigridkit_minigridfourrooms	8	548081739	2684	0	100	DONE	NEXT	0	[3 6]	0	Discrete(7)	Dict(image:Box(7, 7, 3))
20200225T181225.546504	3.train	env-0	minigridkit_minigridkit_minigridfourrooms	8	542332801	2686	0	100	DONE	NEXT	0	[8 3]	0	Discrete(7)	Dict(image:Box(7, 7, 3))
20200225T181225.913714	3.train	env-0	minigridkit_minigridkit_minigridfourrooms	8	3520552281	2688	0	42	DONE	NEXT	1	[12  7]	0.622	Discrete(7)	Dict(image:Box(7, 7, 3))
20200225T181226.059124	3.train	env-0	minigridkit_minigridkit_minigridfourrooms	8	3530361404	2691	0	23	DONE	NEXT	1	[7 8]	0.7929999999999999	Discrete(7)	Dict(image:Box(7, 7, 3))
20200225T181226.527344	3.train	env-0	minigridkit_minigridkit_minigridfourrooms	8	4164918548	2692	0	100	DONE	NEXT	1	[15  8]	0	Discrete(7)	Dict(image:Box(7, 7, 3))
20200225T181228.468496	3.train	env-0	minigridkit_minigridkit_minigridfourrooms	8	1389856926	2694	0	100	DONE	NEXT	3	[4 4]	0	Discrete(7)	Dict(image:Box(7, 7, 3))
20200225T181228.956271	3.train	env-0	minigridkit_minigridkit_minigridfourrooms	8	2398808967	2696	0	100	DONE	NEXT	2	[ 3 10]	0	Discrete(7)	Dict(image:Box(7, 7, 3))
20200225T181230.517612	3.train	env-0	minigridkit_minigridkit_minigridfourrooms	8	2852924346	2698	0	74	DONE	NEXT	0	[11  3]	0.33399999999999996	Discrete(7)	Dict(image:Box(7, 7, 3))
20200225T181231.135906	3.train	env-0	minigridkit_minigridkit_minigridfourrooms	8	4059073113	2700	0	100	DONE	NEXT	2	[5 4]	0	Discrete(7)	Dict(image:Box(7, 7, 3))
20200225T181232.898933	3.train	env-0	minigridkit_minigridkit_minigridfourrooms	8	2845721508	2703	0	100	DONE	NEXT	2	[8 2]	0	Discrete(7)	Dict(image:Box(7, 7, 3))
20200225T181233.533383	3.train	env-0	minigridkit_minigridkit_minigridfourrooms	8	484830942	2705	0	100	DONE	NEXT	3	[7 8]	0	Discrete(7)	Dict(image:Box(7, 7, 3))
20200225T181235.287503	3.train	env-0	minigridkit_minigridkit_minigridfourrooms	8	2110922024	2707	0	100	DONE	NEXT	1	[8 8]	0	Discrete(7)	Dict(image:Box(7, 7, 3))
20200225T181235.931593	3.train	env-0	minigridkit_minigridkit_minigridfourrooms	8	550356398	2709	0	100	DONE	NEXT	3	[3 5]	0	Discrete(7)	Dict(image:Box(7, 7, 3))
20200225T181236.078695	3.train	env-0	minigridkit_minigridkit_minigridfourrooms	8	1546140224	2715	0	30	DONE	NEXT	1	[5 5]	0.73	Discrete(7)	Dict(image:Box(7, 7, 3))
20200225T181238.307719	3.train	env-0	minigridkit_minigridkit_minigridfourrooms	8	2396056913	2716	0	100	DONE	NEXT	2	[15  7]	0	Discrete(7)	Dict(image:Box(7, 7, 3))
20200225T181238.839556	3.train	env-0	minigridkit_minigridkit_minigridfourrooms	8	3092673142	2718	0	100	DONE	NEXT	0	[2 8]	0	Discrete(7)	Dict(image:Box(7, 7, 3))
20200225T181240.341460	3.train	env-0	minigridkit_minigridkit_minigridfourrooms	8	3193070800	2720	0	35	DONE	NEXT	2	[1 8]	0.685	Discrete(7)	Dict(image:Box(7, 7, 3))
20200225T181240.559177	3.train	env-0	minigridkit_minigridkit_minigridfourrooms	8	904170546	2721	0	30	DONE	NEXT	2	[2 8]	0.73	Discrete(7)	Dict(image:Box(7, 7, 3))
20200225T181241.126630	3.train	env-0	minigridkit_minigridkit_minigridfourrooms	8	2709588577	2723	0	100	DONE	NEXT	1	[4 2]	0	Discrete(7)	Dict(image:Box(7, 7, 3))
20200225T181241.244811	3.train	env-0	minigridkit_minigridkit_minigridfourrooms	8	1218656490	2727	0	37	DONE	NEXT	0	[8 1]	0.667	Discrete(7)	Dict(image:Box(7, 7, 3))
20200225T181242.966975	3.train	env-0	minigridkit_minigridkit_minigridfourrooms	8	3569990783	2728	0	100	DONE	NEXT	0	[3 6]	0	Discrete(7)	Dict(image:Box(7, 7, 3))
20200225T181243.569405	3.train	env-0	minigridkit_minigridkit_minigridfourrooms	8	1010801274	2730	0	100	DONE	NEXT	1	[4 8]	0	Discrete(7)	Dict(image:Box(7, 7, 3))
20200225T181245.365435	3.train	env-0	minigridkit_minigridkit_minigridfourrooms	8	1256906917	2732	0	100	DONE	NEXT	2	[1 4]	0	Discrete(7)	Dict(image:Box(7, 7, 3))
20200225T181245.478803	3.train	env-0	minigridkit_minigridkit_minigridfourrooms	8	1469462747	2734	0	7	DONE	NEXT	1	[3 3]	0.9369999999999999	Discrete(7)	Dict(image:Box(7, 7, 3))
20200225T181246.018645	3.train	env-0	minigridkit_minigridkit_minigridfourrooms	8	2529410148	2735	0	100	DONE	NEXT	3	[5 6]	0	Discrete(7)	Dict(image:Box(7, 7, 3))
20200225T181247.311341	3.train	env-0	minigridkit_minigridkit_minigridfourrooms	8	1427815396	2738	0	22	DONE	NEXT	0	[9 3]	0.802	Discrete(7)	Dict(image:Box(7, 7, 3))
20200225T181247.837777	3.train	env-0	minigridkit_minigridkit_minigridfourrooms	8	4097572499	2740	0	100	DONE	NEXT	3	[3 6]	0	Discrete(7)	Dict(image:Box(7, 7, 3))
20200225T181247.873952	3.train	env-0	minigridkit_minigridkit_minigridfourrooms	8	2727082194	2742	0	6	DONE	NEXT	1	[2 3]	0.946	Discrete(7)	Dict(image:Box(7, 7, 3))
20200225T181249.722903	3.train	env-0	minigridkit_minigridkit_minigridfourrooms	8	1162234002	2743	0	100	DONE	NEXT	3	[5 5]	0	Discrete(7)	Dict(image:Box(7, 7, 3))
20200225T181250.261195	3.train	env-0	minigridkit_minigridkit_minigridfourrooms	8	1378955214	2745	0	100	DONE	NEXT	1	[4 8]	0	Discrete(7)	Dict(image:Box(7, 7, 3))
20200225T181251.384300	3.train	env-0	minigridkit_minigridkit_minigridfourrooms	8	1759683219	2747	0	100	DONE	NEXT	1	[6 3]	0	Discrete(7)	Dict(image:Box(7, 7, 3))
20200225T181251.691003	3.train	env-0	minigridkit_minigridkit_minigridfourrooms	8	3610041890	2749	0	100	DONE	NEXT	1	[6 8]	0	Discrete(7)	Dict(image:Box(7, 7, 3))
20200225T181251.725057	3.train	env-0	minigridkit_minigridkit_minigridfourrooms	8	803773277	2751	0	6	DONE	NEXT	1	[1 6]	0.946	Discrete(7)	Dict(image:Box(7, 7, 3))
20200225T181253.093615	3.train	env-0	minigridkit_minigridkit_minigridfourrooms	8	895188310	2752	0	90	DONE	NEXT	0	[17  4]	0.18999999999999995	Discrete(7)	Dict(image:Box(7, 7, 3))
20200225T181253.646223	3.train	env-0	minigridkit_minigridkit_minigridfourrooms	8	938669047	2754	0	100	DONE	NEXT	1	[8 3]	0	Discrete(7)	Dict(image:Box(7, 7, 3))
20200225T181255.334860	3.train	env-0	minigridkit_minigridkit_minigridfourrooms	8	2587057686	2756	0	100	DONE	NEXT	3	[8 3]	0	Discrete(7)	Dict(image:Box(7, 7, 3))
20200225T181255.478716	3.train	env-0	minigridkit_minigridkit_minigridfourrooms	8	3978144463	2758	0	16	DONE	NEXT	2	[1 4]	0.856	Discrete(7)	Dict(image:Box(7, 7, 3))
20200225T181255.979953	3.train	env-0	minigridkit_minigridkit_minigridfourrooms	8	2899229196	2759	0	100	DONE	NEXT	0	[3 8]	0	Discrete(7)	Dict(image:Box(7, 7, 3))
20200225T181257.462035	3.train	env-0	minigridkit_minigridkit_minigridfourrooms	8	3530865514	2761	0	100	DONE	NEXT	0	[5 8]	0	Discrete(7)	Dict(image:Box(7, 7, 3))
20200225T181257.937390	3.train	env-0	minigridkit_minigridkit_minigridfourrooms	8	4034076572	2763	0	100	DONE	NEXT	2	[5 5]	0	Discrete(7)	Dict(image:Box(7, 7, 3))
20200225T181259.535065	3.train	env-0	minigridkit_minigridkit_minigridfourrooms	8	3925015183	2765	0	100	DONE	NEXT	0	[8 3]	0	Discrete(7)	Dict(image:Box(7, 7, 3))
20200225T181300.285746	3.train	env-0	minigridkit_minigridkit_minigridfourrooms	8	3990297315	2767	0	100	DONE	NEXT	2	[2 2]	0	Discrete(7)	Dict(image:Box(7, 7, 3))
20200225T181302.410625	3.train	env-0	minigridkit_minigridkit_minigridfourrooms	8	3821279541	2770	0	100	DONE	NEXT	1	[ 5 10]	0	Discrete(7)	Dict(image:Box(7, 7, 3))
20200225T181303.134939	3.train	env-0	minigridkit_minigridkit_minigridfourrooms	8	1478043648	2772	0	100	DONE	NEXT	2	[7 7]	0	Discrete(7)	Dict(image:Box(7, 7, 3))
20200225T181303.323803	3.train	env-0	minigridkit_minigridkit_minigridfourrooms	8	3367907755	2774	0	21	DONE	NEXT	1	[2 6]	0.8109999999999999	Discrete(7)	Dict(image:Box(7, 7, 3))
20200225T181303.433592	3.train	env-0	minigridkit_minigridkit_minigridfourrooms	8	583377376	2775	0	19	DONE	NEXT	2	[6 5]	0.829	Discrete(7)	Dict(image:Box(7, 7, 3))
20200225T181305.330905	3.train	env-0	minigridkit_minigridkit_minigridfourrooms	8	3734580342	2776	0	100	DONE	NEXT	0	[7 3]	0	Discrete(7)	Dict(image:Box(7, 7, 3))
20200225T181305.882790	3.train	env-0	minigridkit_minigridkit_minigridfourrooms	8	4115330963	2779	0	100	DONE	NEXT	0	[2 1]	0	Discrete(7)	Dict(image:Box(7, 7, 3))
20200225T181308.063001	3.train	env-0	minigridkit_minigridkit_minigridfourrooms	8	1152030734	2781	0	100	DONE	NEXT	2	[6 8]	0	Discrete(7)	Dict(image:Box(7, 7, 3))
20200225T181308.482891	3.train	env-0	minigridkit_minigridkit_minigridfourrooms	8	731233087	2784	0	100	DONE	NEXT	1	[7 2]	0	Discrete(7)	Dict(image:Box(7, 7, 3))
20200225T181310.129409	3.train	env-0	minigridkit_minigridkit_minigridfourrooms	8	3187085792	2786	0	100	DONE	NEXT	0	[13  7]	0	Discrete(7)	Dict(image:Box(7, 7, 3))
20200225T181310.500976	3.train	env-0	minigridkit_minigridkit_minigridfourrooms	8	2761813255	2788	0	100	DONE	NEXT	0	[4 4]	0	Discrete(7)	Dict(image:Box(7, 7, 3))
20200225T181312.314647	3.train	env-0	minigridkit_minigridkit_minigridfourrooms	8	556951289	2790	0	100	DONE	NEXT	2	[6 4]	0	Discrete(7)	Dict(image:Box(7, 7, 3))
20200225T181312.721611	3.train	env-0	minigridkit_minigridkit_minigridfourrooms	8	399507500	2794	0	100	DONE	NEXT	2	[1 3]	0	Discrete(7)	Dict(image:Box(7, 7, 3))
20200225T181312.748629	3.train	env-0	minigridkit_minigridkit_minigridfourrooms	8	624108303	2797	0	6	DONE	NEXT	1	[5 2]	0.946	Discrete(7)	Dict(image:Box(7, 7, 3))
20200225T181314.533919	3.train	env-0	minigridkit_minigridkit_minigridfourrooms	8	270144510	2798	0	100	DONE	NEXT	3	[5 3]	0	Discrete(7)	Dict(image:Box(7, 7, 3))
20200225T181315.152991	3.train	env-0	minigridkit_minigridkit_minigridfourrooms	8	1514294915	2800	0	100	DONE	NEXT	2	[7 4]	0	Discrete(7)	Dict(image:Box(7, 7, 3))
20200225T181317.362074	3.train	env-0	minigridkit_minigridkit_minigridfourrooms	8	2312219187	2804	0	100	DONE	NEXT	1	[6 4]	0	Discrete(7)	Dict(image:Box(7, 7, 3))
20200225T181317.841528	3.train	env-0	minigridkit_minigridkit_minigridfourrooms	8	2632085393	2806	0	100	DONE	NEXT	2	[6 6]	0	Discrete(7)	Dict(image:Box(7, 7, 3))
20200225T181317.987637	3.train	env-0	minigridkit_minigridkit_minigridfourrooms	8	2149875107	2808	0	29	DONE	NEXT	1	[4 9]	0.739	Discrete(7)	Dict(image:Box(7, 7, 3))
20200225T181319.836202	3.train	env-0	minigridkit_minigridkit_minigridfourrooms	8	1848966180	2810	0	100	DONE	NEXT	3	[6 1]	0	Discrete(7)	Dict(image:Box(7, 7, 3))
20200225T181320.261838	3.train	env-0	minigridkit_minigridkit_minigridfourrooms	8	2332805934	2812	0	91	DONE	NEXT	1	[ 8 11]	0.18099999999999994	Discrete(7)	Dict(image:Box(7, 7, 3))
20200225T181321.590051	3.train	env-0	minigridkit_minigridkit_minigridfourrooms	8	3323173205	2814	0	100	DONE	NEXT	1	[3 4]	0	Discrete(7)	Dict(image:Box(7, 7, 3))
20200225T181321.989189	3.train	env-0	minigridkit_minigridkit_minigridfourrooms	8	1226187787	2816	0	100	DONE	NEXT	1	[1 8]	0	Discrete(7)	Dict(image:Box(7, 7, 3))
20200225T181323.321980	3.train	env-0	minigridkit_minigridkit_minigridfourrooms	8	1545930056	2818	0	31	DONE	NEXT	2	[1 8]	0.721	Discrete(7)	Dict(image:Box(7, 7, 3))
20200225T181323.864765	3.train	env-0	minigridkit_minigridkit_minigridfourrooms	8	1030759017	2819	0	100	DONE	NEXT	1	[1 2]	0	Discrete(7)	Dict(image:Box(7, 7, 3))
20200225T181324.023978	3.train	env-0	minigridkit_minigridkit_minigridfourrooms	8	3268999777	2822	0	52	DONE	NEXT	2	[ 4 12]	0.532	Discrete(7)	Dict(image:Box(7, 7, 3))
20200225T181324.077777	3.train	env-0	minigridkit_minigridkit_minigridfourrooms	8	3100908257	2824	0	17	DONE	NEXT	1	[4 5]	0.847	Discrete(7)	Dict(image:Box(7, 7, 3))
20200225T181326.604527	3.train	env-0	minigridkit_minigridkit_minigridfourrooms	8	2512819401	2825	0	100	DONE	NEXT	1	[8 3]	0	Discrete(7)	Dict(image:Box(7, 7, 3))
20200225T181326.644902	3.train	env-0	minigridkit_minigridkit_minigridfourrooms	8	3221045362	2828	0	6	DONE	NEXT	0	[4 2]	0.946	Discrete(7)	Dict(image:Box(7, 7, 3))
20200225T181326.751025	3.train	env-0	minigridkit_minigridkit_minigridfourrooms	8	263447292	2829	0	21	DONE	NEXT	1	[6 8]	0.8109999999999999	Discrete(7)	Dict(image:Box(7, 7, 3))
20200225T181328.287048	3.train	env-0	minigridkit_minigridkit_minigridfourrooms	8	4242350880	2830	0	100	DONE	NEXT	0	[8 2]	0	Discrete(7)	Dict(image:Box(7, 7, 3))
20200225T181328.860201	3.train	env-0	minigridkit_minigridkit_minigridfourrooms	8	2926184115	2834	0	100	DONE	NEXT	0	[6 3]	0	Discrete(7)	Dict(image:Box(7, 7, 3))
20200225T181330.222664	3.train	env-0	minigridkit_minigridkit_minigridfourrooms	8	1265349963	2836	0	100	DONE	NEXT	3	[17  1]	0	Discrete(7)	Dict(image:Box(7, 7, 3))
20200225T181330.733818	3.train	env-0	minigridkit_minigridkit_minigridfourrooms	8	198040221	2838	0	100	DONE	NEXT	2	[7 1]	0	Discrete(7)	Dict(image:Box(7, 7, 3))
20200225T181330.875076	3.train	env-0	minigridkit_minigridkit_minigridfourrooms	8	1413279487	2842	0	3	DONE	NEXT	1	[2 2]	0.973	Discrete(7)	Dict(image:Box(7, 7, 3))
20200225T181332.516543	3.train	env-0	minigridkit_minigridkit_minigridfourrooms	8	2817488986	2843	0	100	DONE	NEXT	2	[1 5]	0	Discrete(7)	Dict(image:Box(7, 7, 3))
20200225T181332.613842	3.train	env-0	minigridkit_minigridkit_minigridfourrooms	8	3456458351	2846	0	12	DONE	NEXT	1	[1 6]	0.892	Discrete(7)	Dict(image:Box(7, 7, 3))
20200225T181333.095205	3.train	env-0	minigridkit_minigridkit_minigridfourrooms	8	1802631016	2847	0	100	DONE	NEXT	2	[5 6]	0	Discrete(7)	Dict(image:Box(7, 7, 3))
20200225T181334.794664	3.train	env-0	minigridkit_minigridkit_minigridfourrooms	8	2838757685	2849	0	100	DONE	NEXT	1	[6 2]	0	Discrete(7)	Dict(image:Box(7, 7, 3))
20200225T181334.911042	3.train	env-0	minigridkit_minigridkit_minigridfourrooms	8	3931091985	2851	0	21	DONE	NEXT	0	[6 5]	0.8109999999999999	Discrete(7)	Dict(image:Box(7, 7, 3))
20200225T181335.485102	3.train	env-0	minigridkit_minigridkit_minigridfourrooms	8	318910705	2852	0	93	DONE	NEXT	1	[16  6]	0.16299999999999992	Discrete(7)	Dict(image:Box(7, 7, 3))
20200225T181337.615092	3.train	env-0	minigridkit_minigridkit_minigridfourrooms	8	2346293593	2854	0	100	DONE	NEXT	1	[6 8]	0	Discrete(7)	Dict(image:Box(7, 7, 3))
20200225T181338.058491	3.train	env-0	minigridkit_minigridkit_minigridfourrooms	8	3103358152	2857	0	100	DONE	NEXT	1	[8 1]	0	Discrete(7)	Dict(image:Box(7, 7, 3))
20200225T181339.836439	3.train	env-0	minigridkit_minigridkit_minigridfourrooms	8	3896685961	2859	0	100	DONE	NEXT	1	[6 3]	0	Discrete(7)	Dict(image:Box(7, 7, 3))
20200225T181340.753983	3.train	env-0	minigridkit_minigridkit_minigridfourrooms	8	1503558580	2861	0	100	DONE	NEXT	3	[7 4]	0	Discrete(7)	Dict(image:Box(7, 7, 3))
20200225T181342.272635	3.train	env-0	minigridkit_minigridkit_minigridfourrooms	8	1842160334	2863	0	100	DONE	NEXT	1	[ 6 11]	0	Discrete(7)	Dict(image:Box(7, 7, 3))
20200225T181342.315823	3.train	env-0	minigridkit_minigridkit_minigridfourrooms	8	3100172015	2865	0	12	DONE	NEXT	0	[5 1]	0.892	Discrete(7)	Dict(image:Box(7, 7, 3))
20200225T181342.591518	3.train	env-0	minigridkit_minigridkit_minigridfourrooms	8	3003220304	2866	0	100	DONE	NEXT	1	[5 2]	0	Discrete(7)	Dict(image:Box(7, 7, 3))
20200225T181342.634096	3.train	env-0	minigridkit_minigridkit_minigridfourrooms	8	2750541052	2868	0	15	DONE	NEXT	0	[5 1]	0.865	Discrete(7)	Dict(image:Box(7, 7, 3))
20200225T181344.069164	3.train	env-0	minigridkit_minigridkit_minigridfourrooms	8	1555787364	2869	0	100	DONE	NEXT	0	[4 8]	0	Discrete(7)	Dict(image:Box(7, 7, 3))
20200225T181344.755866	3.train	env-0	minigridkit_minigridkit_minigridfourrooms	8	2585284190	2871	0	100	DONE	NEXT	2	[3 8]	0	Discrete(7)	Dict(image:Box(7, 7, 3))
20200225T181346.666156	3.train	env-0	minigridkit_minigridkit_minigridfourrooms	8	4088920866	2873	0	100	DONE	NEXT	1	[1 6]	0	Discrete(7)	Dict(image:Box(7, 7, 3))
20200225T181347.097222	3.train	env-0	minigridkit_minigridkit_minigridfourrooms	8	2280361714	2875	0	69	DONE	NEXT	0	[16  4]	0.379	Discrete(7)	Dict(image:Box(7, 7, 3))
20200225T181348.675424	3.train	env-0	minigridkit_minigridkit_minigridfourrooms	8	1572637017	2877	0	100	DONE	NEXT	1	[8 1]	0	Discrete(7)	Dict(image:Box(7, 7, 3))
20200225T181348.730797	3.train	env-0	minigridkit_minigridkit_minigridfourrooms	8	2760566554	2879	0	5	DONE	NEXT	1	[3 3]	0.955	Discrete(7)	Dict(image:Box(7, 7, 3))
20200225T181349.285408	3.train	env-0	minigridkit_minigridkit_minigridfourrooms	8	748743793	2880	0	100	DONE	NEXT	1	[1 5]	0	Discrete(7)	Dict(image:Box(7, 7, 3))
20200225T181349.387953	3.train	env-0	minigridkit_minigridkit_minigridfourrooms	8	2426618563	2882	0	21	DONE	NEXT	1	[1 8]	0.8109999999999999	Discrete(7)	Dict(image:Box(7, 7, 3))
20200225T181351.624802	3.train	env-0	minigridkit_minigridkit_minigridfourrooms	8	445576367	2883	0	100	DONE	NEXT	0	[10  3]	0	Discrete(7)	Dict(image:Box(7, 7, 3))
20200225T181351.973660	3.train	env-0	minigridkit_minigridkit_minigridfourrooms	8	364685986	2886	0	100	DONE	NEXT	0	[ 3 10]	0	Discrete(7)	Dict(image:Box(7, 7, 3))
20200225T181352.010397	3.train	env-0	minigridkit_minigridkit_minigridfourrooms	8	4088761870	2888	0	10	DONE	NEXT	1	[7 4]	0.91	Discrete(7)	Dict(image:Box(7, 7, 3))
20200225T181352.026934	3.train	env-0	minigridkit_minigridkit_minigridfourrooms	8	335497935	2889	0	3	DONE	NEXT	1	[2 2]	0.973	Discrete(7)	Dict(image:Box(7, 7, 3))
20200225T181353.718260	3.train	env-0	minigridkit_minigridkit_minigridfourrooms	8	3410246468	2890	0	100	DONE	NEXT	2	[13  1]	0	Discrete(7)	Dict(image:Box(7, 7, 3))
20200225T181354.312652	3.train	env-0	minigridkit_minigridkit_minigridfourrooms	8	3757037402	2892	0	100	DONE	NEXT	2	[1 6]	0	Discrete(7)	Dict(image:Box(7, 7, 3))
20200225T181355.884737	3.train	env-0	minigridkit_minigridkit_minigridfourrooms	8	2208753522	2894	0	100	DONE	NEXT	0	[ 8 13]	0	Discrete(7)	Dict(image:Box(7, 7, 3))
20200225T181356.467142	3.train	env-0	minigridkit_minigridkit_minigridfourrooms	8	3955310476	2896	0	100	DONE	NEXT	0	[8 8]	0	Discrete(7)	Dict(image:Box(7, 7, 3))
20200225T181358.838731	3.train	env-0	minigridkit_minigridkit_minigridfourrooms	8	850293007	2898	0	100	DONE	NEXT	3	[3 3]	0	Discrete(7)	Dict(image:Box(7, 7, 3))
20200225T181358.919272	3.train	env-0	minigridkit_minigridkit_minigridfourrooms	8	3470773469	2900	0	8	DONE	NEXT	1	[7 2]	0.9279999999999999	Discrete(7)	Dict(image:Box(7, 7, 3))
20200225T181359.060687	3.train	env-0	minigridkit_minigridkit_minigridfourrooms	8	3903561866	2901	0	20	DONE	NEXT	1	[8 7]	0.82	Discrete(7)	Dict(image:Box(7, 7, 3))
20200225T181359.318732	3.train	env-0	minigridkit_minigridkit_minigridfourrooms	8	3601853606	2902	0	46	DONE	NEXT	1	[15  4]	0.586	Discrete(7)	Dict(image:Box(7, 7, 3))
20200225T181359.377281	3.train	env-0	minigridkit_minigridkit_minigridfourrooms	8	3993344646	2903	0	6	DONE	NEXT	1	[5 2]	0.946	Discrete(7)	Dict(image:Box(7, 7, 3))
20200225T181401.822423	3.train	env-0	minigridkit_minigridkit_minigridfourrooms	8	1954300056	2905	0	100	DONE	NEXT	1	[2 1]	0	Discrete(7)	Dict(image:Box(7, 7, 3))
20200225T181402.404392	3.train	env-0	minigridkit_minigridkit_minigridfourrooms	8	1249947620	2907	0	100	DONE	NEXT	1	[8 8]	0	Discrete(7)	Dict(image:Box(7, 7, 3))
20200225T181404.804160	3.train	env-0	minigridkit_minigridkit_minigridfourrooms	8	60504909	2909	0	100	DONE	NEXT	0	[10  8]	0	Discrete(7)	Dict(image:Box(7, 7, 3))
20200225T181404.924794	3.train	env-0	minigridkit_minigridkit_minigridfourrooms	8	3087557425	2911	0	14	DONE	NEXT	2	[4 6]	0.874	Discrete(7)	Dict(image:Box(7, 7, 3))
20200225T181405.529199	3.train	env-0	minigridkit_minigridkit_minigridfourrooms	8	584656910	2912	0	100	DONE	NEXT	2	[ 5 12]	0	Discrete(7)	Dict(image:Box(7, 7, 3))
20200225T181405.556916	3.train	env-0	minigridkit_minigridkit_minigridfourrooms	8	529211240	2914	0	4	DONE	NEXT	0	[3 1]	0.964	Discrete(7)	Dict(image:Box(7, 7, 3))
20200225T181407.422231	3.train	env-0	minigridkit_minigridkit_minigridfourrooms	8	3630939318	2915	0	100	DONE	NEXT	3	[3 4]	0	Discrete(7)	Dict(image:Box(7, 7, 3))
20200225T181407.777237	3.train	env-0	minigridkit_minigridkit_minigridfourrooms	8	3188725353	2917	0	100	DONE	NEXT	0	[2 3]	0	Discrete(7)	Dict(image:Box(7, 7, 3))
20200225T181409.764135	3.train	env-0	minigridkit_minigridkit_minigridfourrooms	8	812360536	2919	0	100	DONE	NEXT	0	[8 6]	0	Discrete(7)	Dict(image:Box(7, 7, 3))
20200225T181410.415379	3.train	env-0	minigridkit_minigridkit_minigridfourrooms	8	535857810	2921	0	100	DONE	NEXT	2	[9 3]	0	Discrete(7)	Dict(image:Box(7, 7, 3))
20200225T181410.534751	3.train	env-0	minigridkit_minigridkit_minigridfourrooms	8	2222413749	2923	0	23	DONE	NEXT	1	[7 7]	0.7929999999999999	Discrete(7)	Dict(image:Box(7, 7, 3))
20200225T181412.719439	3.train	env-0	minigridkit_minigridkit_minigridfourrooms	8	2950321754	2924	0	100	DONE	NEXT	0	[2 1]	0	Discrete(7)	Dict(image:Box(7, 7, 3))
20200225T181413.320877	3.train	env-0	minigridkit_minigridkit_minigridfourrooms	8	1422823126	2926	0	74	DONE	NEXT	1	[8 8]	0.33399999999999996	Discrete(7)	Dict(image:Box(7, 7, 3))
20200225T181415.667356	3.train	env-0	minigridkit_minigridkit_minigridfourrooms	8	807389206	2928	0	100	DONE	NEXT	0	[8 3]	0	Discrete(7)	Dict(image:Box(7, 7, 3))
20200225T181416.396036	3.train	env-0	minigridkit_minigridkit_minigridfourrooms	8	4005928411	2930	0	100	DONE	NEXT	3	[2 3]	0	Discrete(7)	Dict(image:Box(7, 7, 3))
20200225T181418.219295	3.train	env-0	minigridkit_minigridkit_minigridfourrooms	8	2422333466	2932	0	100	DONE	NEXT	0	[5 4]	0	Discrete(7)	Dict(image:Box(7, 7, 3))
20200225T181418.810277	3.train	env-0	minigridkit_minigridkit_minigridfourrooms	8	3403284623	2934	0	100	DONE	NEXT	1	[8 6]	0	Discrete(7)	Dict(image:Box(7, 7, 3))
20200225T181420.971738	3.train	env-0	minigridkit_minigridkit_minigridfourrooms	8	1367449212	2937	0	100	DONE	NEXT	1	[6 8]	0	Discrete(7)	Dict(image:Box(7, 7, 3))
20200225T181421.034159	3.train	env-0	minigridkit_minigridkit_minigridfourrooms	8	3416862607	2940	0	9	DONE	NEXT	1	[3 5]	0.919	Discrete(7)	Dict(image:Box(7, 7, 3))
20200225T181421.732326	3.train	env-0	minigridkit_minigridkit_minigridfourrooms	8	2278303612	2941	0	100	DONE	NEXT	3	[3 1]	0	Discrete(7)	Dict(image:Box(7, 7, 3))
20200225T181424.195837	3.train	env-0	minigridkit_minigridkit_minigridfourrooms	8	483732045	2943	0	100	DONE	NEXT	2	[4 5]	0	Discrete(7)	Dict(image:Box(7, 7, 3))
20200225T181424.876580	3.train	env-0	minigridkit_minigridkit_minigridfourrooms	8	1515588937	2945	0	100	DONE	NEXT	1	[10  6]	0	Discrete(7)	Dict(image:Box(7, 7, 3))
20200225T181424.991818	3.train	env-0	minigridkit_minigridkit_minigridfourrooms	8	1469983665	2947	0	12	DONE	NEXT	0	[4 1]	0.892	Discrete(7)	Dict(image:Box(7, 7, 3))
20200225T181426.468597	3.train	env-0	minigridkit_minigridkit_minigridfourrooms	8	256115587	2948	0	13	DONE	NEXT	2	[2 7]	0.883	Discrete(7)	Dict(image:Box(7, 7, 3))
20200225T181427.297373	3.train	env-0	minigridkit_minigridkit_minigridfourrooms	8	1691708670	2949	0	100	DONE	NEXT	0	[ 5 10]	0	Discrete(7)	Dict(image:Box(7, 7, 3))
20200225T181429.437743	3.train	env-0	minigridkit_minigridkit_minigridfourrooms	8	2570187185	2951	0	100	DONE	NEXT	0	[6 7]	0	Discrete(7)	Dict(image:Box(7, 7, 3))
20200225T181430.159918	3.train	env-0	minigridkit_minigridkit_minigridfourrooms	8	687946199	2953	0	100	DONE	NEXT	1	[2 5]	0	Discrete(7)	Dict(image:Box(7, 7, 3))
20200225T181432.856438	3.train	env-0	minigridkit_minigridkit_minigridfourrooms	8	570643050	2955	0	100	DONE	NEXT	3	[3 3]	0	Discrete(7)	Dict(image:Box(7, 7, 3))
20200225T181433.676926	3.train	env-0	minigridkit_minigridkit_minigridfourrooms	8	804204626	2957	0	100	DONE	NEXT	2	[3 5]	0	Discrete(7)	Dict(image:Box(7, 7, 3))
20200225T181433.815070	3.train	env-0	minigridkit_minigridkit_minigridfourrooms	8	1676062376	2960	0	33	DONE	NEXT	1	[ 7 10]	0.703	Discrete(7)	Dict(image:Box(7, 7, 3))
20200225T181433.894200	3.train	env-0	minigridkit_minigridkit_minigridfourrooms	8	2028554850	2961	0	16	DONE	NEXT	1	[5 6]	0.856	Discrete(7)	Dict(image:Box(7, 7, 3))
20200225T181433.941087	3.train	env-0	minigridkit_minigridkit_minigridfourrooms	8	1479534336	2962	0	13	DONE	NEXT	3	[6 2]	0.883	Discrete(7)	Dict(image:Box(7, 7, 3))
20200225T181436.296389	3.train	env-0	minigridkit_minigridkit_minigridfourrooms	8	1880204723	2963	0	100	DONE	NEXT	0	[4 1]	0	Discrete(7)	Dict(image:Box(7, 7, 3))
20200225T181436.340897	3.train	env-0	minigridkit_minigridkit_minigridfourrooms	8	642607483	2966	0	11	DONE	NEXT	1	[8 4]	0.901	Discrete(7)	Dict(image:Box(7, 7, 3))
20200225T181436.845263	3.train	env-0	minigridkit_minigridkit_minigridfourrooms	8	2692240041	2967	0	100	DONE	NEXT	0	[8 5]	0	Discrete(7)	Dict(image:Box(7, 7, 3))
20200225T181438.614760	3.train	env-0	minigridkit_minigridkit_minigridfourrooms	8	1926374755	2970	0	100	DONE	NEXT	2	[6 3]	0	Discrete(7)	Dict(image:Box(7, 7, 3))
20200225T181439.049040	3.train	env-0	minigridkit_minigridkit_minigridfourrooms	8	3345883964	2972	0	100	DONE	NEXT	0	[8 1]	0	Discrete(7)	Dict(image:Box(7, 7, 3))
20200225T181440.914169	3.train	env-0	minigridkit_minigridkit_minigridfourrooms	8	2788825046	2975	0	100	DONE	NEXT	3	[6 5]	0	Discrete(7)	Dict(image:Box(7, 7, 3))
20200225T181441.667849	3.train	env-0	minigridkit_minigridkit_minigridfourrooms	8	1258893196	2978	0	100	DONE	NEXT	0	[ 1 12]	0	Discrete(7)	Dict(image:Box(7, 7, 3))
20200225T181443.489977	3.train	env-0	minigridkit_minigridkit_minigridfourrooms	8	1613315423	2980	0	92	DONE	NEXT	2	[ 5 12]	0.17199999999999993	Discrete(7)	Dict(image:Box(7, 7, 3))
20200225T181444.017842	3.train	env-0	minigridkit_minigridkit_minigridfourrooms	8	4078574696	2982	0	100	DONE	NEXT	3	[1 5]	0	Discrete(7)	Dict(image:Box(7, 7, 3))
20200225T181444.093397	3.train	env-0	minigridkit_minigridkit_minigridfourrooms	8	2442544382	2984	0	9	DONE	NEXT	1	[4 4]	0.919	Discrete(7)	Dict(image:Box(7, 7, 3))
20200225T181444.169461	3.train	env-0	minigridkit_minigridkit_minigridfourrooms	8	331536889	2985	0	15	DONE	NEXT	1	[5 6]	0.865	Discrete(7)	Dict(image:Box(7, 7, 3))
20200225T181446.077960	3.train	env-0	minigridkit_minigridkit_minigridfourrooms	8	3128358828	2986	0	100	DONE	NEXT	0	[2 2]	0	Discrete(7)	Dict(image:Box(7, 7, 3))
20200225T181446.613844	3.train	env-0	minigridkit_minigridkit_minigridfourrooms	8	1643359799	2988	0	100	DONE	NEXT	1	[3 3]	0	Discrete(7)	Dict(image:Box(7, 7, 3))
20200225T181448.067177	3.train	env-0	minigridkit_minigridkit_minigridfourrooms	8	34138452	2990	0	8	DONE	NEXT	1	[2 5]	0.9279999999999999	Discrete(7)	Dict(image:Box(7, 7, 3))
20200225T181448.475702	3.train	env-0	minigridkit_minigridkit_minigridfourrooms	8	2900039751	2992	0	93	DONE	NEXT	1	[14  2]	0.16299999999999992	Discrete(7)	Dict(image:Box(7, 7, 3))
20200225T181448.554886	3.train	env-0	minigridkit_minigridkit_minigridfourrooms	8	373471119	2993	0	9	DONE	NEXT	2	[1 6]	0.919	Discrete(7)	Dict(image:Box(7, 7, 3))
20200225T181448.933564	3.train	env-0	minigridkit_minigridkit_minigridfourrooms	8	348523670	2995	0	71	DONE	NEXT	1	[ 7 15]	0.361	Discrete(7)	Dict(image:Box(7, 7, 3))
20200225T181450.716213	3.train	env-0	minigridkit_minigridkit_minigridfourrooms	8	3207719306	2996	0	100	DONE	NEXT	1	[8 2]	0	Discrete(7)	Dict(image:Box(7, 7, 3))
20200225T181450.761444	3.train	env-0	minigridkit_minigridkit_minigridfourrooms	8	1530578504	2998	0	7	DONE	NEXT	1	[6 2]	0.9369999999999999	Discrete(7)	Dict(image:Box(7, 7, 3))
20200225T181450.888179	3.train	env-0	minigridkit_minigridkit_minigridfourrooms	8	3623123214	2999	0	21	DONE	NEXT	2	[1 7]	0.8109999999999999	Discrete(7)	Dict(image:Box(7, 7, 3))
20200225T181453.015605	3.train	env-0	minigridkit_minigridkit_minigridfourrooms	8	2806684687	3001	0	100	DONE	NEXT	3	[6 8]	0	Discrete(7)	Dict(image:Box(7, 7, 3))
20200225T181453.408505	3.train	env-0	minigridkit_minigridkit_minigridfourrooms	8	2013247059	3003	0	100	DONE	NEXT	0	[2 2]	0	Discrete(7)	Dict(image:Box(7, 7, 3))
20200225T181456.103196	3.train	env-0	minigridkit_minigridkit_minigridfourrooms	8	3608237039	3005	0	100	DONE	NEXT	2	[5 3]	0	Discrete(7)	Dict(image:Box(7, 7, 3))
20200225T181456.788223	3.train	env-0	minigridkit_minigridkit_minigridfourrooms	8	2883408902	3007	0	100	DONE	NEXT	3	[6 1]	0	Discrete(7)	Dict(image:Box(7, 7, 3))
20200225T181458.945447	3.train	env-0	minigridkit_minigridkit_minigridfourrooms	8	1705286222	3009	0	100	DONE	NEXT	3	[1 6]	0	Discrete(7)	Dict(image:Box(7, 7, 3))
20200225T181459.117258	3.train	env-0	minigridkit_minigridkit_minigridfourrooms	8	3903788210	3011	0	24	DONE	NEXT	1	[3 8]	0.784	Discrete(7)	Dict(image:Box(7, 7, 3))
20200225T181459.594512	3.train	env-0	minigridkit_minigridkit_minigridfourrooms	8	3954126335	3013	0	100	DONE	NEXT	1	[9 3]	0	Discrete(7)	Dict(image:Box(7, 7, 3))
20200225T181501.123509	3.train	env-0	minigridkit_minigridkit_minigridfourrooms	8	658765737	3015	0	100	DONE	NEXT	0	[2 3]	0	Discrete(7)	Dict(image:Box(7, 7, 3))
20200225T181501.757664	3.train	env-0	minigridkit_minigridkit_minigridfourrooms	8	861190086	3017	0	100	DONE	NEXT	3	[3 1]	0	Discrete(7)	Dict(image:Box(7, 7, 3))
20200225T181501.798077	3.train	env-0	minigridkit_minigridkit_minigridfourrooms	8	3888482950	3019	0	7	DONE	NEXT	0	[2 1]	0.9369999999999999	Discrete(7)	Dict(image:Box(7, 7, 3))
20200225T181503.526059	3.train	env-0	minigridkit_minigridkit_minigridfourrooms	8	2199953756	3020	0	100	DONE	NEXT	2	[3 3]	0	Discrete(7)	Dict(image:Box(7, 7, 3))
20200225T181503.965027	3.train	env-0	minigridkit_minigridkit_minigridfourrooms	8	3065751414	3022	0	100	DONE	NEXT	3	[5 4]	0	Discrete(7)	Dict(image:Box(7, 7, 3))
20200225T181505.192287	3.train	env-0	minigridkit_minigridkit_minigridfourrooms	8	53669875	3024	0	100	DONE	NEXT	0	[2 2]	0	Discrete(7)	Dict(image:Box(7, 7, 3))
20200225T181505.620204	3.train	env-0	minigridkit_minigridkit_minigridfourrooms	8	4294423945	3027	0	100	DONE	NEXT	2	[6 2]	0	Discrete(7)	Dict(image:Box(7, 7, 3))
20200225T181505.662062	3.train	env-0	minigridkit_minigridkit_minigridfourrooms	8	1165618132	3029	0	10	DONE	NEXT	1	[3 4]	0.91	Discrete(7)	Dict(image:Box(7, 7, 3))
20200225T181507.447795	3.train	env-0	minigridkit_minigridkit_minigridfourrooms	8	1156343966	3030	0	100	DONE	NEXT	0	[8 2]	0	Discrete(7)	Dict(image:Box(7, 7, 3))
20200225T181507.855829	3.train	env-0	minigridkit_minigridkit_minigridfourrooms	8	2770886163	3033	0	100	DONE	NEXT	0	[5 3]	0	Discrete(7)	Dict(image:Box(7, 7, 3))
20200225T181509.258706	3.train	env-0	minigridkit_minigridkit_minigridfourrooms	8	3907366462	3036	0	100	DONE	NEXT	2	[1 3]	0	Discrete(7)	Dict(image:Box(7, 7, 3))
20200225T181509.556515	3.train	env-0	minigridkit_minigridkit_minigridfourrooms	8	2159852843	3038	0	100	DONE	NEXT	0	[1 4]	0	Discrete(7)	Dict(image:Box(7, 7, 3))
20200225T181509.608836	3.train	env-0	minigridkit_minigridkit_minigridfourrooms	8	3140778624	3040	0	16	DONE	NEXT	1	[2 7]	0.856	Discrete(7)	Dict(image:Box(7, 7, 3))
20200225T181511.151553	3.train	env-0	minigridkit_minigridkit_minigridfourrooms	8	3492043244	3041	0	62	DONE	NEXT	2	[ 2 13]	0.44199999999999995	Discrete(7)	Dict(image:Box(7, 7, 3))
20200225T181511.227175	3.train	env-0	minigridkit_minigridkit_minigridfourrooms	8	279678256	3044	0	9	DONE	NEXT	1	[6 2]	0.919	Discrete(7)	Dict(image:Box(7, 7, 3))
20200225T181511.864368	3.train	env-0	minigridkit_minigridkit_minigridfourrooms	8	1323329130	3045	0	100	DONE	NEXT	2	[5 5]	0	Discrete(7)	Dict(image:Box(7, 7, 3))
20200225T181512.093968	3.train	env-0	minigridkit_minigridkit_minigridfourrooms	8	702402623	3047	0	34	DONE	NEXT	1	[8 7]	0.694	Discrete(7)	Dict(image:Box(7, 7, 3))
20200225T181514.206761	3.train	env-0	minigridkit_minigridkit_minigridfourrooms	8	3227212361	3048	0	100	DONE	NEXT	0	[8 5]	0	Discrete(7)	Dict(image:Box(7, 7, 3))
20200225T181514.811471	3.train	env-0	minigridkit_minigridkit_minigridfourrooms	8	2428530351	3050	0	100	DONE	NEXT	1	[4 2]	0	Discrete(7)	Dict(image:Box(7, 7, 3))
20200225T181516.486226	3.train	env-0	minigridkit_minigridkit_minigridfourrooms	8	3284234601	3052	0	100	DONE	NEXT	1	[10  6]	0	Discrete(7)	Dict(image:Box(7, 7, 3))
20200225T181516.640730	3.train	env-0	minigridkit_minigridkit_minigridfourrooms	8	2862164275	3054	0	31	DONE	NEXT	1	[8 6]	0.721	Discrete(7)	Dict(image:Box(7, 7, 3))
20200225T181516.976775	3.train	env-0	minigridkit_minigridkit_minigridfourrooms	8	1732807712	3055	0	57	DONE	NEXT	1	[6 7]	0.487	Discrete(7)	Dict(image:Box(7, 7, 3))
20200225T181517.077441	3.train	env-0	minigridkit_minigridkit_minigridfourrooms	8	335922390	3057	0	11	DONE	NEXT	1	[8 2]	0.901	Discrete(7)	Dict(image:Box(7, 7, 3))
20200225T181518.973634	3.train	env-0	minigridkit_minigridkit_minigridfourrooms	8	1495642483	3058	0	100	DONE	NEXT	3	[6 1]	0	Discrete(7)	Dict(image:Box(7, 7, 3))
20200225T181519.547527	3.train	env-0	minigridkit_minigridkit_minigridfourrooms	8	69570027	3060	0	100	DONE	NEXT	1	[5 3]	0	Discrete(7)	Dict(image:Box(7, 7, 3))
20200225T181521.708632	3.train	env-0	minigridkit_minigridkit_minigridfourrooms	8	900852550	3062	0	100	DONE	NEXT	1	[16  2]	0	Discrete(7)	Dict(image:Box(7, 7, 3))
20200225T181522.662303	3.train	env-0	minigridkit_minigridkit_minigridfourrooms	8	3846886002	3064	0	100	DONE	NEXT	3	[4 5]	0	Discrete(7)	Dict(image:Box(7, 7, 3))
20200225T181524.245133	3.train	env-0	minigridkit_minigridkit_minigridfourrooms	8	2012325497	3067	0	100	DONE	NEXT	0	[8 6]	0	Discrete(7)	Dict(image:Box(7, 7, 3))
20200225T181524.938143	3.train	env-0	minigridkit_minigridkit_minigridfourrooms	8	4066454340	3071	0	100	DONE	NEXT	3	[7 4]	0	Discrete(7)	Dict(image:Box(7, 7, 3))
20200225T181526.754806	3.train	env-0	minigridkit_minigridkit_minigridfourrooms	8	2835012986	3074	0	100	DONE	NEXT	1	[10 17]	0.09999999999999998	Discrete(7)	Dict(image:Box(7, 7, 3))
20200225T181527.233331	3.train	env-0	minigridkit_minigridkit_minigridfourrooms	8	4134511061	3076	0	100	DONE	NEXT	1	[8 3]	0	Discrete(7)	Dict(image:Box(7, 7, 3))
20200225T181528.735276	3.train	env-0	minigridkit_minigridkit_minigridfourrooms	8	3215466073	3078	0	100	DONE	NEXT	2	[2 1]	0	Discrete(7)	Dict(image:Box(7, 7, 3))
20200225T181529.069765	3.train	env-0	minigridkit_minigridkit_minigridfourrooms	8	4008415213	3081	0	100	DONE	NEXT	1	[7 2]	0	Discrete(7)	Dict(image:Box(7, 7, 3))
20200225T181530.716003	3.train	env-0	minigridkit_minigridkit_minigridfourrooms	8	2016539720	3083	0	100	DONE	NEXT	0	[14  2]	0	Discrete(7)	Dict(image:Box(7, 7, 3))
20200225T181531.028000	3.train	env-0	minigridkit_minigridkit_minigridfourrooms	8	213205664	3085	0	100	DONE	NEXT	1	[11 11]	0	Discrete(7)	Dict(image:Box(7, 7, 3))
20200225T181532.508642	3.train	env-0	minigridkit_minigridkit_minigridfourrooms	8	2262945667	3088	0	100	DONE	NEXT	2	[8 5]	0	Discrete(7)	Dict(image:Box(7, 7, 3))
20200225T181532.602392	3.train	env-0	minigridkit_minigridkit_minigridfourrooms	8	1873004573	3091	0	19	DONE	NEXT	2	[7 3]	0.829	Discrete(7)	Dict(image:Box(7, 7, 3))
20200225T181532.629785	3.train	env-0	minigridkit_minigridkit_minigridfourrooms	8	2012908952	3092	0	4	DONE	NEXT	0	[5 1]	0.964	Discrete(7)	Dict(image:Box(7, 7, 3))
20200225T181532.817608	3.train	env-0	minigridkit_minigridkit_minigridfourrooms	8	3018275124	3093	0	17	DONE	NEXT	0	[6 5]	0.847	Discrete(7)	Dict(image:Box(7, 7, 3))
20200225T181534.279148	3.train	env-0	minigridkit_minigridkit_minigridfourrooms	8	2565859397	3094	0	100	DONE	NEXT	0	[6 6]	0	Discrete(7)	Dict(image:Box(7, 7, 3))
20200225T181534.333438	3.train	env-0	minigridkit_minigridkit_minigridfourrooms	8	518198111	3096	0	10	DONE	NEXT	1	[3 6]	0.91	Discrete(7)	Dict(image:Box(7, 7, 3))
20200225T181534.774142	3.train	env-0	minigridkit_minigridkit_minigridfourrooms	8	2318538643	3097	0	100	DONE	NEXT	0	[ 3 11]	0	Discrete(7)	Dict(image:Box(7, 7, 3))
20200225T181536.201398	3.train	env-0	minigridkit_minigridkit_minigridfourrooms	8	108133736	3100	0	100	DONE	NEXT	2	[4 5]	0	Discrete(7)	Dict(image:Box(7, 7, 3))
20200225T181536.737644	3.train	env-0	minigridkit_minigridkit_minigridfourrooms	8	2052614853	3103	0	100	DONE	NEXT	1	[3 1]	0	Discrete(7)	Dict(image:Box(7, 7, 3))
20200225T181538.615195	3.train	env-0	minigridkit_minigridkit_minigridfourrooms	8	256849069	3105	0	100	DONE	NEXT	2	[7 8]	0	Discrete(7)	Dict(image:Box(7, 7, 3))
20200225T181539.113750	3.train	env-0	minigridkit_minigridkit_minigridfourrooms	8	2735757695	3108	0	100	DONE	NEXT	2	[4 4]	0	Discrete(7)	Dict(image:Box(7, 7, 3))
20200225T181539.207646	3.train	env-0	minigridkit_minigridkit_minigridfourrooms	8	2774559324	3111	0	11	DONE	NEXT	3	[2 2]	0.901	Discrete(7)	Dict(image:Box(7, 7, 3))
20200225T181540.867104	3.train	env-0	minigridkit_minigridkit_minigridfourrooms	8	2671951451	3112	0	100	DONE	NEXT	2	[3 2]	0	Discrete(7)	Dict(image:Box(7, 7, 3))
20200225T181541.074957	3.train	env-0	minigridkit_minigridkit_minigridfourrooms	8	3047925175	3115	0	21	DONE	NEXT	1	[8 8]	0.8109999999999999	Discrete(7)	Dict(image:Box(7, 7, 3))
20200225T181541.797095	3.train	env-0	minigridkit_minigridkit_minigridfourrooms	8	3258832397	3118	0	100	DONE	NEXT	3	[5 2]	0	Discrete(7)	Dict(image:Box(7, 7, 3))
20200225T181544.661820	3.train	env-0	minigridkit_minigridkit_minigridfourrooms	8	586358110	3120	0	100	DONE	NEXT	3	[6 4]	0	Discrete(7)	Dict(image:Box(7, 7, 3))
20200225T181545.352513	3.train	env-0	minigridkit_minigridkit_minigridfourrooms	8	2944760734	3122	0	100	DONE	NEXT	3	[4 7]	0	Discrete(7)	Dict(image:Box(7, 7, 3))
20200225T181547.678367	3.train	env-0	minigridkit_minigridkit_minigridfourrooms	8	3198683082	3124	0	86	DONE	NEXT	1	[15  4]	0.22599999999999998	Discrete(7)	Dict(image:Box(7, 7, 3))
20200225T181548.357275	3.train	env-0	minigridkit_minigridkit_minigridfourrooms	8	3170445481	3125	0	100	DONE	NEXT	0	[8 5]	0	Discrete(7)	Dict(image:Box(7, 7, 3))
20200225T181550.374670	3.train	env-0	minigridkit_minigridkit_minigridfourrooms	8	1392749348	3127	0	100	DONE	NEXT	1	[6 8]	0	Discrete(7)	Dict(image:Box(7, 7, 3))
20200225T181550.883975	3.train	env-0	minigridkit_minigridkit_minigridfourrooms	8	403896762	3130	0	100	DONE	NEXT	3	[ 5 12]	0	Discrete(7)	Dict(image:Box(7, 7, 3))
20200225T181552.898615	3.train	env-0	minigridkit_minigridkit_minigridfourrooms	8	421833417	3132	0	100	DONE	NEXT	2	[8 6]	0	Discrete(7)	Dict(image:Box(7, 7, 3))
20200225T181553.474682	3.train	env-0	minigridkit_minigridkit_minigridfourrooms	8	608034043	3137	0	100	DONE	NEXT	1	[6 3]	0	Discrete(7)	Dict(image:Box(7, 7, 3))
20200225T181555.492551	3.train	env-0	minigridkit_minigridkit_minigridfourrooms	8	206709597	3139	0	100	DONE	NEXT	3	[4 3]	0	Discrete(7)	Dict(image:Box(7, 7, 3))
20200225T181555.593414	3.train	env-0	minigridkit_minigridkit_minigridfourrooms	8	3540210097	3141	0	18	DONE	NEXT	1	[5 6]	0.838	Discrete(7)	Dict(image:Box(7, 7, 3))
20200225T181555.684092	3.train	env-0	minigridkit_minigridkit_minigridfourrooms	8	3849908047	3142	0	14	DONE	NEXT	1	[7 4]	0.874	Discrete(7)	Dict(image:Box(7, 7, 3))
20200225T181556.343640	3.train	env-0	minigridkit_minigridkit_minigridfourrooms	8	3954765502	3144	0	100	DONE	NEXT	1	[8 8]	0	Discrete(7)	Dict(image:Box(7, 7, 3))
20200225T181558.418849	3.train	env-0	minigridkit_minigridkit_minigridfourrooms	8	4270496389	3146	0	100	DONE	NEXT	0	[7 7]	0	Discrete(7)	Dict(image:Box(7, 7, 3))
20200225T181559.023285	3.train	env-0	minigridkit_minigridkit_minigridfourrooms	8	3471428322	3149	0	100	DONE	NEXT	2	[2 3]	0	Discrete(7)	Dict(image:Box(7, 7, 3))
20200225T181601.100496	3.train	env-0	minigridkit_minigridkit_minigridfourrooms	8	389265953	3153	0	100	DONE	NEXT	3	[8 4]	0	Discrete(7)	Dict(image:Box(7, 7, 3))
20200225T181601.658999	3.train	env-0	minigridkit_minigridkit_minigridfourrooms	8	1361522212	3155	0	100	DONE	NEXT	0	[5 2]	0	Discrete(7)	Dict(image:Box(7, 7, 3))
20200225T181603.635633	3.train	env-0	minigridkit_minigridkit_minigridfourrooms	8	2098748659	3157	0	100	DONE	NEXT	0	[3 3]	0	Discrete(7)	Dict(image:Box(7, 7, 3))
20200225T181604.429186	3.train	env-0	minigridkit_minigridkit_minigridfourrooms	8	153167336	3159	0	100	DONE	NEXT	3	[7 4]	0	Discrete(7)	Dict(image:Box(7, 7, 3))
20200225T181606.765143	3.train	env-0	minigridkit_minigridkit_minigridfourrooms	8	1146252580	3161	0	100	DONE	NEXT	2	[3 5]	0	Discrete(7)	Dict(image:Box(7, 7, 3))
20200225T181607.215499	3.train	env-0	minigridkit_minigridkit_minigridfourrooms	8	2089134824	3163	0	84	DONE	NEXT	0	[ 8 11]	0.244	Discrete(7)	Dict(image:Box(7, 7, 3))
20200225T181609.419436	3.train	env-0	minigridkit_minigridkit_minigridfourrooms	8	1895578718	3165	0	100	DONE	NEXT	2	[5 3]	0	Discrete(7)	Dict(image:Box(7, 7, 3))
20200225T181610.338200	3.train	env-0	minigridkit_minigridkit_minigridfourrooms	8	1195498437	3168	0	100	DONE	NEXT	3	[5 2]	0	Discrete(7)	Dict(image:Box(7, 7, 3))
20200225T181612.457800	3.train	env-0	minigridkit_minigridkit_minigridfourrooms	8	2871323480	3170	0	100	DONE	NEXT	1	[4 2]	0	Discrete(7)	Dict(image:Box(7, 7, 3))
20200225T181612.883302	3.train	env-0	minigridkit_minigridkit_minigridfourrooms	8	1183294623	3172	0	100	DONE	NEXT	3	[1 1]	0	Discrete(7)	Dict(image:Box(7, 7, 3))
20200225T181614.524678	3.train	env-0	minigridkit_minigridkit_minigridfourrooms	8	3730515927	3174	0	100	DONE	NEXT	1	[5 1]	0	Discrete(7)	Dict(image:Box(7, 7, 3))
20200225T181614.582072	3.train	env-0	minigridkit_minigridkit_minigridfourrooms	8	1650750092	3176	0	11	DONE	NEXT	1	[4 6]	0.901	Discrete(7)	Dict(image:Box(7, 7, 3))
20200225T181615.209237	3.train	env-0	minigridkit_minigridkit_minigridfourrooms	8	832087306	3177	0	100	DONE	NEXT	1	[2 3]	0	Discrete(7)	Dict(image:Box(7, 7, 3))
20200225T181615.237964	3.train	env-0	minigridkit_minigridkit_minigridfourrooms	8	3294893738	3179	0	4	DONE	NEXT	1	[1 4]	0.964	Discrete(7)	Dict(image:Box(7, 7, 3))
20200225T181617.486490	3.train	env-0	minigridkit_minigridkit_minigridfourrooms	8	4224182109	3180	0	100	DONE	NEXT	3	[5 3]	0	Discrete(7)	Dict(image:Box(7, 7, 3))
20200225T181618.114878	3.train	env-0	minigridkit_minigridkit_minigridfourrooms	8	769380928	3182	0	100	DONE	NEXT	1	[1 1]	0	Discrete(7)	Dict(image:Box(7, 7, 3))
20200225T181620.031318	3.train	env-0	minigridkit_minigridkit_minigridfourrooms	8	4285298620	3184	0	100	DONE	NEXT	3	[3 4]	0	Discrete(7)	Dict(image:Box(7, 7, 3))
20200225T181620.558880	3.train	env-0	minigridkit_minigridkit_minigridfourrooms	8	2515650555	3186	0	100	DONE	NEXT	1	[7 8]	0	Discrete(7)	Dict(image:Box(7, 7, 3))
20200225T181622.103660	3.train	env-0	minigridkit_minigridkit_minigridfourrooms	8	1870570288	3188	0	100	DONE	NEXT	1	[4 2]	0	Discrete(7)	Dict(image:Box(7, 7, 3))
20200225T181622.596485	3.train	env-0	minigridkit_minigridkit_minigridfourrooms	8	1098501468	3190	0	100	DONE	NEXT	0	[1 6]	0	Discrete(7)	Dict(image:Box(7, 7, 3))
20200225T181624.118680	3.train	env-0	minigridkit_minigridkit_minigridfourrooms	8	3901896394	3192	0	100	DONE	NEXT	2	[5 4]	0	Discrete(7)	Dict(image:Box(7, 7, 3))
20200225T181624.180927	3.train	env-0	minigridkit_minigridkit_minigridfourrooms	8	1508227712	3195	0	11	DONE	NEXT	1	[3 5]	0.901	Discrete(7)	Dict(image:Box(7, 7, 3))
20200225T181624.225036	3.train	env-0	minigridkit_minigridkit_minigridfourrooms	8	3703581757	3196	0	8	DONE	NEXT	1	[3 4]	0.9279999999999999	Discrete(7)	Dict(image:Box(7, 7, 3))
20200225T181624.348693	3.train	env-0	minigridkit_minigridkit_minigridfourrooms	8	3031051803	3197	0	11	DONE	NEXT	2	[1 6]	0.901	Discrete(7)	Dict(image:Box(7, 7, 3))
20200225T181624.869174	3.train	env-0	minigridkit_minigridkit_minigridfourrooms	8	2608908263	3198	0	100	DONE	NEXT	1	[6 5]	0	Discrete(7)	Dict(image:Box(7, 7, 3))
20200225T181626.522450	3.train	env-0	minigridkit_minigridkit_minigridfourrooms	8	2262753973	3200	0	100	DONE	NEXT	3	[7 1]	0	Discrete(7)	Dict(image:Box(7, 7, 3))
20200225T181627.242764	3.train	env-0	minigridkit_minigridkit_minigridfourrooms	8	3431923819	3202	0	100	DONE	NEXT	2	[2 5]	0	Discrete(7)	Dict(image:Box(7, 7, 3))
20200225T181627.268400	3.train	env-0	minigridkit_minigridkit_minigridfourrooms	8	3017348689	3204	0	3	DONE	NEXT	0	[2 1]	0.973	Discrete(7)	Dict(image:Box(7, 7, 3))
20200225T181628.738191	3.train	env-0	minigridkit_minigridkit_minigridfourrooms	8	123969996	3205	0	64	DONE	NEXT	1	[ 6 11]	0.42399999999999993	Discrete(7)	Dict(image:Box(7, 7, 3))
20200225T181629.404025	3.train	env-0	minigridkit_minigridkit_minigridfourrooms	8	83793471	3207	0	100	DONE	NEXT	3	[5 2]	0	Discrete(7)	Dict(image:Box(7, 7, 3))
20200225T181631.363448	3.train	env-0	minigridkit_minigridkit_minigridfourrooms	8	3743258933	3212	0	100	DONE	NEXT	2	[3 1]	0	Discrete(7)	Dict(image:Box(7, 7, 3))
20200225T181631.625537	3.train	env-0	minigridkit_minigridkit_minigridfourrooms	8	3609158897	3214	0	36	DONE	NEXT	1	[ 3 10]	0.6759999999999999	Discrete(7)	Dict(image:Box(7, 7, 3))
20200225T181631.664079	3.train	env-0	minigridkit_minigridkit_minigridfourrooms	8	84546069	3215	0	2	DONE	NEXT	0	[3 1]	0.982	Discrete(7)	Dict(image:Box(7, 7, 3))
20200225T181632.305461	3.train	env-0	minigridkit_minigridkit_minigridfourrooms	8	2813159537	3216	0	100	DONE	NEXT	0	[6 6]	0	Discrete(7)	Dict(image:Box(7, 7, 3))
20200225T181634.045848	3.train	env-0	minigridkit_minigridkit_minigridfourrooms	8	3074560076	3218	0	100	DONE	NEXT	0	[1 5]	0	Discrete(7)	Dict(image:Box(7, 7, 3))
20200225T181634.284292	3.train	env-0	minigridkit_minigridkit_minigridfourrooms	8	3497758145	3220	0	54	DONE	NEXT	1	[ 4 15]	0.514	Discrete(7)	Dict(image:Box(7, 7, 3))
20200225T181636.055658	3.train	env-0	minigridkit_minigridkit_minigridfourrooms	8	3580003402	3222	0	100	DONE	NEXT	0	[5 2]	0	Discrete(7)	Dict(image:Box(7, 7, 3))
20200225T181636.557547	3.train	env-0	minigridkit_minigridkit_minigridfourrooms	8	1649396604	3224	0	100	DONE	NEXT	3	[4 3]	0	Discrete(7)	Dict(image:Box(7, 7, 3))
20200225T181638.904858	3.train	env-0	minigridkit_minigridkit_minigridfourrooms	8	1686298320	3226	0	100	DONE	NEXT	0	[2 7]	0	Discrete(7)	Dict(image:Box(7, 7, 3))
20200225T181639.514134	3.train	env-0	minigridkit_minigridkit_minigridfourrooms	8	3055112033	3228	0	100	DONE	NEXT	2	[1 3]	0	Discrete(7)	Dict(image:Box(7, 7, 3))
20200225T181641.144734	3.train	env-0	minigridkit_minigridkit_minigridfourrooms	8	1872689062	3230	0	79	DONE	NEXT	0	[10  5]	0.2889999999999999	Discrete(7)	Dict(image:Box(7, 7, 3))
20200225T181641.196302	3.train	env-0	minigridkit_minigridkit_minigridfourrooms	8	2314234748	3231	0	9	DONE	NEXT	1	[2 6]	0.919	Discrete(7)	Dict(image:Box(7, 7, 3))
20200225T181641.685023	3.train	env-0	minigridkit_minigridkit_minigridfourrooms	8	349098714	3232	0	100	DONE	NEXT	3	[6 1]	0	Discrete(7)	Dict(image:Box(7, 7, 3))
20200225T181642.909027	3.train	env-0	minigridkit_minigridkit_minigridfourrooms	8	2578866064	3234	0	100	DONE	NEXT	1	[7 6]	0	Discrete(7)	Dict(image:Box(7, 7, 3))
20200225T181642.936053	3.train	env-0	minigridkit_minigridkit_minigridfourrooms	8	1195364756	3237	0	4	DONE	NEXT	1	[2 3]	0.964	Discrete(7)	Dict(image:Box(7, 7, 3))
20200225T181643.426040	3.train	env-0	minigridkit_minigridkit_minigridfourrooms	8	3042159388	3238	0	100	DONE	NEXT	1	[3 4]	0	Discrete(7)	Dict(image:Box(7, 7, 3))
20200225T181645.199320	3.train	env-0	minigridkit_minigridkit_minigridfourrooms	8	916355027	3240	0	100	DONE	NEXT	2	[4 8]	0	Discrete(7)	Dict(image:Box(7, 7, 3))
20200225T181645.724046	3.train	env-0	minigridkit_minigridkit_minigridfourrooms	8	2822694715	3243	0	100	DONE	NEXT	1	[2 8]	0	Discrete(7)	Dict(image:Box(7, 7, 3))
20200225T181648.483220	3.train	env-0	minigridkit_minigridkit_minigridfourrooms	8	1229571505	3245	0	100	DONE	NEXT	2	[7 8]	0	Discrete(7)	Dict(image:Box(7, 7, 3))
20200225T181648.514992	3.train	env-0	minigridkit_minigridkit_minigridfourrooms	8	1496437970	3247	0	3	DONE	NEXT	0	[2 1]	0.973	Discrete(7)	Dict(image:Box(7, 7, 3))
20200225T181648.635098	3.train	env-0	minigridkit_minigridkit_minigridfourrooms	8	3575724209	3248	0	16	DONE	NEXT	1	[4 7]	0.856	Discrete(7)	Dict(image:Box(7, 7, 3))
20200225T181649.104609	3.train	env-0	minigridkit_minigridkit_minigridfourrooms	8	1221660290	3249	0	100	DONE	NEXT	2	[1 3]	0	Discrete(7)	Dict(image:Box(7, 7, 3))
20200225T181650.907663	3.train	env-0	minigridkit_minigridkit_minigridfourrooms	8	952022229	3252	0	100	DONE	NEXT	1	[ 7 10]	0	Discrete(7)	Dict(image:Box(7, 7, 3))
20200225T181651.616154	3.train	env-0	minigridkit_minigridkit_minigridfourrooms	8	104701638	3254	0	100	DONE	NEXT	1	[8 2]	0	Discrete(7)	Dict(image:Box(7, 7, 3))
20200225T181653.389227	3.train	env-0	minigridkit_minigridkit_minigridfourrooms	8	2784060440	3256	0	100	DONE	NEXT	1	[1 8]	0	Discrete(7)	Dict(image:Box(7, 7, 3))
20200225T181653.845426	3.train	env-0	minigridkit_minigridkit_minigridfourrooms	8	3607989096	3259	0	100	DONE	NEXT	2	[8 1]	0	Discrete(7)	Dict(image:Box(7, 7, 3))
20200225T181655.847896	3.train	env-0	minigridkit_minigridkit_minigridfourrooms	8	4247625559	3261	0	100	DONE	NEXT	3	[7 4]	0	Discrete(7)	Dict(image:Box(7, 7, 3))
20200225T181656.188780	3.train	env-0	minigridkit_minigridkit_minigridfourrooms	8	2272059886	3263	0	100	DONE	NEXT	0	[8 3]	0	Discrete(7)	Dict(image:Box(7, 7, 3))
20200225T181657.849683	3.train	env-0	minigridkit_minigridkit_minigridfourrooms	8	4107619320	3265	0	100	DONE	NEXT	2	[4 8]	0	Discrete(7)	Dict(image:Box(7, 7, 3))
20200225T181657.912528	3.train	env-0	minigridkit_minigridkit_minigridfourrooms	8	1902198884	3267	0	14	DONE	NEXT	1	[4 4]	0.874	Discrete(7)	Dict(image:Box(7, 7, 3))
20200225T181658.359193	3.train	env-0	minigridkit_minigridkit_minigridfourrooms	8	3493155437	3268	0	100	DONE	NEXT	0	[3 6]	0	Discrete(7)	Dict(image:Box(7, 7, 3))
20200225T181700.357046	3.train	env-0	minigridkit_minigridkit_minigridfourrooms	8	1236650088	3270	0	100	DONE	NEXT	3	[2 8]	0	Discrete(7)	Dict(image:Box(7, 7, 3))
20200225T181700.737120	3.train	env-0	minigridkit_minigridkit_minigridfourrooms	8	2251113818	3272	0	100	DONE	NEXT	0	[5 6]	0	Discrete(7)	Dict(image:Box(7, 7, 3))
20200225T181702.053111	3.train	env-0	minigridkit_minigridkit_minigridfourrooms	8	1184770028	3274	0	100	DONE	NEXT	0	[6 7]	0	Discrete(7)	Dict(image:Box(7, 7, 3))
20200225T181702.397384	3.train	env-0	minigridkit_minigridkit_minigridfourrooms	8	2882678752	3276	0	100	DONE	NEXT	3	[5 5]	0	Discrete(7)	Dict(image:Box(7, 7, 3))
20200225T181704.207651	3.train	env-0	minigridkit_minigridkit_minigridfourrooms	8	997275020	3278	0	100	DONE	NEXT	0	[3 3]	0	Discrete(7)	Dict(image:Box(7, 7, 3))
20200225T181704.847444	3.train	env-0	minigridkit_minigridkit_minigridfourrooms	8	376824120	3280	0	100	DONE	NEXT	0	[5 1]	0	Discrete(7)	Dict(image:Box(7, 7, 3))
20200225T181706.103795	3.train	env-0	minigridkit_minigridkit_minigridfourrooms	8	3006026997	3282	0	100	DONE	NEXT	2	[1 8]	0	Discrete(7)	Dict(image:Box(7, 7, 3))
20200225T181706.566714	3.train	env-0	minigridkit_minigridkit_minigridfourrooms	8	100337016	3284	0	100	DONE	NEXT	1	[5 9]	0	Discrete(7)	Dict(image:Box(7, 7, 3))
20200225T181707.853197	3.train	env-0	minigridkit_minigridkit_minigridfourrooms	8	718607071	3286	0	100	DONE	NEXT	0	[8 2]	0	Discrete(7)	Dict(image:Box(7, 7, 3))
20200225T181708.268114	3.train	env-0	minigridkit_minigridkit_minigridfourrooms	8	155602391	3288	0	100	DONE	NEXT	0	[2 6]	0	Discrete(7)	Dict(image:Box(7, 7, 3))
20200225T181709.674596	3.train	env-0	minigridkit_minigridkit_minigridfourrooms	8	4189862553	3290	0	71	DONE	NEXT	2	[ 3 10]	0.361	Discrete(7)	Dict(image:Box(7, 7, 3))
20200225T181710.080006	3.train	env-0	minigridkit_minigridkit_minigridfourrooms	8	760599131	3292	0	100	DONE	NEXT	2	[1 7]	0	Discrete(7)	Dict(image:Box(7, 7, 3))
20200225T181710.148741	3.train	env-0	minigridkit_minigridkit_minigridfourrooms	8	1485358660	3295	0	15	DONE	NEXT	1	[7 3]	0.865	Discrete(7)	Dict(image:Box(7, 7, 3))
20200225T181712.115877	3.train	env-0	minigridkit_minigridkit_minigridfourrooms	8	3461630248	3296	0	100	DONE	NEXT	2	[4 8]	0	Discrete(7)	Dict(image:Box(7, 7, 3))
20200225T181712.791654	3.train	env-0	minigridkit_minigridkit_minigridfourrooms	8	63018408	3299	0	100	DONE	NEXT	0	[8 5]	0	Discrete(7)	Dict(image:Box(7, 7, 3))
20200225T181714.513799	3.train	env-0	minigridkit_minigridkit_minigridfourrooms	8	935832998	3301	0	100	DONE	NEXT	3	[11  7]	0	Discrete(7)	Dict(image:Box(7, 7, 3))
20200225T181714.795415	3.train	env-0	minigridkit_minigridkit_minigridfourrooms	8	2569417686	3303	0	56	DONE	NEXT	0	[9 5]	0.4959999999999999	Discrete(7)	Dict(image:Box(7, 7, 3))
20200225T181714.953648	3.train	env-0	minigridkit_minigridkit_minigridfourrooms	8	1961797145	3305	0	43	DONE	NEXT	1	[10  5]	0.613	Discrete(7)	Dict(image:Box(7, 7, 3))
20200225T181716.311823	3.train	env-0	minigridkit_minigridkit_minigridfourrooms	8	518469660	3307	0	100	DONE	NEXT	0	[7 8]	0	Discrete(7)	Dict(image:Box(7, 7, 3))
20200225T181716.840905	3.train	env-0	minigridkit_minigridkit_minigridfourrooms	8	788690240	3309	0	100	DONE	NEXT	2	[1 5]	0	Discrete(7)	Dict(image:Box(7, 7, 3))
20200225T181716.899267	3.train	env-0	minigridkit_minigridkit_minigridfourrooms	8	3083815868	3311	0	2	DONE	NEXT	0	[3 1]	0.982	Discrete(7)	Dict(image:Box(7, 7, 3))
20200225T181716.936305	3.train	env-0	minigridkit_minigridkit_minigridfourrooms	8	532591623	3312	0	4	DONE	NEXT	0	[5 1]	0.964	Discrete(7)	Dict(image:Box(7, 7, 3))
20200225T181717.034901	3.train	env-0	minigridkit_minigridkit_minigridfourrooms	8	1179856044	3314	0	13	DONE	NEXT	1	[3 6]	0.883	Discrete(7)	Dict(image:Box(7, 7, 3))
20200225T181718.771341	3.train	env-0	minigridkit_minigridkit_minigridfourrooms	8	384596493	3316	0	100	DONE	NEXT	0	[2 2]	0	Discrete(7)	Dict(image:Box(7, 7, 3))
20200225T181719.140974	3.train	env-0	minigridkit_minigridkit_minigridfourrooms	8	3675036657	3318	0	100	DONE	NEXT	2	[6 8]	0	Discrete(7)	Dict(image:Box(7, 7, 3))
20200225T181720.744907	3.train	env-0	minigridkit_minigridkit_minigridfourrooms	8	3750223331	3320	0	100	DONE	NEXT	3	[8 2]	0	Discrete(7)	Dict(image:Box(7, 7, 3))
20200225T181721.109196	3.train	env-0	minigridkit_minigridkit_minigridfourrooms	8	1464124322	3322	0	100	DONE	NEXT	0	[4 7]	0	Discrete(7)	Dict(image:Box(7, 7, 3))
20200225T181722.549478	3.train	env-0	minigridkit_minigridkit_minigridfourrooms	8	1540816843	3324	0	100	DONE	NEXT	1	[6 8]	0	Discrete(7)	Dict(image:Box(7, 7, 3))
20200225T181723.054342	3.train	env-0	minigridkit_minigridkit_minigridfourrooms	8	2043247066	3326	0	100	DONE	NEXT	3	[5 1]	0	Discrete(7)	Dict(image:Box(7, 7, 3))
20200225T181725.625121	3.train	env-0	minigridkit_minigridkit_minigridfourrooms	8	2776162765	3328	0	100	DONE	NEXT	1	[10 13]	0	Discrete(7)	Dict(image:Box(7, 7, 3))
20200225T181726.032754	3.train	env-0	minigridkit_minigridkit_minigridfourrooms	8	1510920256	3331	0	58	DONE	NEXT	0	[16  1]	0.478	Discrete(7)	Dict(image:Box(7, 7, 3))
20200225T181728.144795	3.train	env-0	minigridkit_minigridkit_minigridfourrooms	8	3699922860	3333	0	100	DONE	NEXT	3	[8 3]	0	Discrete(7)	Dict(image:Box(7, 7, 3))
20200225T181728.348463	3.train	env-0	minigridkit_minigridkit_minigridfourrooms	8	3385633301	3335	0	25	DONE	NEXT	1	[6 6]	0.775	Discrete(7)	Dict(image:Box(7, 7, 3))
20200225T181729.305506	3.train	env-0	minigridkit_minigridkit_minigridfourrooms	8	1117091992	3336	0	100	DONE	NEXT	0	[2 8]	0	Discrete(7)	Dict(image:Box(7, 7, 3))
20200225T181731.468163	3.train	env-0	minigridkit_minigridkit_minigridfourrooms	8	1332602672	3341	0	100	DONE	NEXT	3	[ 7 16]	0	Discrete(7)	Dict(image:Box(7, 7, 3))
20200225T181732.390486	3.train	env-0	minigridkit_minigridkit_minigridfourrooms	8	2980966305	3343	0	100	DONE	NEXT	3	[8 1]	0	Discrete(7)	Dict(image:Box(7, 7, 3))
20200225T181735.613260	3.train	env-0	minigridkit_minigridkit_minigridfourrooms	8	2077554866	3345	0	100	DONE	NEXT	0	[ 3 10]	0	Discrete(7)	Dict(image:Box(7, 7, 3))
20200225T181736.100113	3.train	env-0	minigridkit_minigridkit_minigridfourrooms	8	3742643527	3347	0	100	DONE	NEXT	0	[2 2]	0	Discrete(7)	Dict(image:Box(7, 7, 3))
20200225T181738.537624	3.train	env-0	minigridkit_minigridkit_minigridfourrooms	8	4196770052	3349	0	100	DONE	NEXT	3	[7 1]	0	Discrete(7)	Dict(image:Box(7, 7, 3))
20200225T181739.220523	3.train	env-0	minigridkit_minigridkit_minigridfourrooms	8	3566899544	3351	0	100	DONE	NEXT	1	[7 8]	0	Discrete(7)	Dict(image:Box(7, 7, 3))
20200225T181740.944480	3.train	env-0	minigridkit_minigridkit_minigridfourrooms	8	3483108419	3353	0	100	DONE	NEXT	1	[8 5]	0	Discrete(7)	Dict(image:Box(7, 7, 3))
20200225T181741.496397	3.train	env-0	minigridkit_minigridkit_minigridfourrooms	8	1325361770	3355	0	100	DONE	NEXT	3	[8 1]	0	Discrete(7)	Dict(image:Box(7, 7, 3))
20200225T181743.329675	3.train	env-0	minigridkit_minigridkit_minigridfourrooms	8	129896290	3357	0	100	DONE	NEXT	0	[6 1]	0	Discrete(7)	Dict(image:Box(7, 7, 3))
20200225T181743.404078	3.train	env-0	minigridkit_minigridkit_minigridfourrooms	8	3333933639	3359	0	15	DONE	NEXT	1	[7 3]	0.865	Discrete(7)	Dict(image:Box(7, 7, 3))
20200225T181744.064812	3.train	env-0	minigridkit_minigridkit_minigridfourrooms	8	2525469694	3360	0	100	DONE	NEXT	1	[5 7]	0	Discrete(7)	Dict(image:Box(7, 7, 3))
20200225T181746.164374	3.train	env-0	minigridkit_minigridkit_minigridfourrooms	8	3482367635	3362	0	37	DONE	NEXT	0	[8 5]	0.667	Discrete(7)	Dict(image:Box(7, 7, 3))
20200225T181746.194535	3.train	env-0	minigridkit_minigridkit_minigridfourrooms	8	4266200026	3363	0	6	DONE	NEXT	0	[7 1]	0.946	Discrete(7)	Dict(image:Box(7, 7, 3))
20200225T181746.690143	3.train	env-0	minigridkit_minigridkit_minigridfourrooms	8	1001402673	3364	0	100	DONE	NEXT	1	[6 1]	0	Discrete(7)	Dict(image:Box(7, 7, 3))
20200225T181746.748490	3.train	env-0	minigridkit_minigridkit_minigridfourrooms	8	2742095046	3367	0	10	DONE	NEXT	1	[2 7]	0.91	Discrete(7)	Dict(image:Box(7, 7, 3))
20200225T181746.801174	3.train	env-0	minigridkit_minigridkit_minigridfourrooms	8	3567222120	3368	0	12	DONE	NEXT	0	[6 3]	0.892	Discrete(7)	Dict(image:Box(7, 7, 3))
20200225T181746.923386	3.train	env-0	minigridkit_minigridkit_minigridfourrooms	8	2132125845	3369	0	17	DONE	NEXT	1	[3 8]	0.847	Discrete(7)	Dict(image:Box(7, 7, 3))
20200225T181747.076278	3.train	env-0	minigridkit_minigridkit_minigridfourrooms	8	3897469995	3371	0	15	DONE	NEXT	1	[5 7]	0.865	Discrete(7)	Dict(image:Box(7, 7, 3))
20200225T181747.109316	3.train	env-0	minigridkit_minigridkit_minigridfourrooms	8	118898681	3372	0	5	DONE	NEXT	0	[4 1]	0.955	Discrete(7)	Dict(image:Box(7, 7, 3))
20200225T181749.458989	3.train	env-0	minigridkit_minigridkit_minigridfourrooms	8	1649661053	3373	0	100	DONE	NEXT	1	[4 5]	0	Discrete(7)	Dict(image:Box(7, 7, 3))
20200225T181749.508236	3.train	env-0	minigridkit_minigridkit_minigridfourrooms	8	732669609	3375	0	7	DONE	NEXT	0	[8 1]	0.9369999999999999	Discrete(7)	Dict(image:Box(7, 7, 3))
20200225T181750.135052	3.train	env-0	minigridkit_minigridkit_minigridfourrooms	8	1419017156	3376	0	100	DONE	NEXT	3	[3 5]	0	Discrete(7)	Dict(image:Box(7, 7, 3))
20200225T181752.700102	3.train	env-0	minigridkit_minigridkit_minigridfourrooms	8	575466180	3378	0	100	DONE	NEXT	1	[6 8]	0	Discrete(7)	Dict(image:Box(7, 7, 3))
20200225T181752.828120	3.train	env-0	minigridkit_minigridkit_minigridfourrooms	8	562283347	3380	0	18	DONE	NEXT	0	[2 4]	0.838	Discrete(7)	Dict(image:Box(7, 7, 3))
20200225T181752.962785	3.train	env-0	minigridkit_minigridkit_minigridfourrooms	8	1797136542	3381	0	16	DONE	NEXT	0	[2 3]	0.856	Discrete(7)	Dict(image:Box(7, 7, 3))
20200225T181755.298724	3.train	env-0	minigridkit_minigridkit_minigridfourrooms	8	1022476551	3382	0	100	DONE	NEXT	3	[5 2]	0	Discrete(7)	Dict(image:Box(7, 7, 3))
20200225T181755.816610	3.train	env-0	minigridkit_minigridkit_minigridfourrooms	8	2067604339	3385	0	100	DONE	NEXT	2	[4 7]	0	Discrete(7)	Dict(image:Box(7, 7, 3))
20200225T181757.453039	3.train	env-0	minigridkit_minigridkit_minigridfourrooms	8	1610819426	3387	0	100	DONE	NEXT	2	[10  1]	0	Discrete(7)	Dict(image:Box(7, 7, 3))
20200225T181758.467505	3.train	env-0	minigridkit_minigridkit_minigridfourrooms	8	699032805	3390	0	100	DONE	NEXT	2	[3 5]	0	Discrete(7)	Dict(image:Box(7, 7, 3))
20200225T181800.109760	3.train	env-0	minigridkit_minigridkit_minigridfourrooms	8	3819120816	3392	0	100	DONE	NEXT	3	[3 5]	0	Discrete(7)	Dict(image:Box(7, 7, 3))
20200225T181800.568900	3.train	env-0	minigridkit_minigridkit_minigridfourrooms	8	1587696773	3394	0	75	DONE	NEXT	0	[10  8]	0.32499999999999996	Discrete(7)	Dict(image:Box(7, 7, 3))
20200225T181801.135241	3.train	env-0	minigridkit_minigridkit_minigridfourrooms	8	1958598520	3396	0	100	DONE	NEXT	2	[3 1]	0	Discrete(7)	Dict(image:Box(7, 7, 3))
20200225T181803.027711	3.train	env-0	minigridkit_minigridkit_minigridfourrooms	8	3812479657	3399	0	90	DONE	NEXT	2	[ 4 10]	0.18999999999999995	Discrete(7)	Dict(image:Box(7, 7, 3))
20200225T181803.765361	3.train	env-0	minigridkit_minigridkit_minigridfourrooms	8	1511065469	3401	0	100	DONE	NEXT	2	[1 7]	0	Discrete(7)	Dict(image:Box(7, 7, 3))
20200225T181805.588619	3.train	env-0	minigridkit_minigridkit_minigridfourrooms	8	2594878109	3403	0	100	DONE	NEXT	2	[5 1]	0	Discrete(7)	Dict(image:Box(7, 7, 3))
20200225T181805.948813	3.train	env-0	minigridkit_minigridkit_minigridfourrooms	8	4139588128	3405	0	62	DONE	NEXT	2	[6 8]	0.44199999999999995	Discrete(7)	Dict(image:Box(7, 7, 3))
20200225T181805.993406	3.train	env-0	minigridkit_minigridkit_minigridfourrooms	8	2882424543	3406	0	5	DONE	NEXT	1	[2 4]	0.955	Discrete(7)	Dict(image:Box(7, 7, 3))
20200225T181807.697332	3.train	env-0	minigridkit_minigridkit_minigridfourrooms	8	2583778113	3407	0	100	DONE	NEXT	3	[8 2]	0	Discrete(7)	Dict(image:Box(7, 7, 3))
20200225T181808.162184	3.train	env-0	minigridkit_minigridkit_minigridfourrooms	8	1793656380	3409	0	100	DONE	NEXT	2	[5 5]	0	Discrete(7)	Dict(image:Box(7, 7, 3))
20200225T181809.662802	3.train	env-0	minigridkit_minigridkit_minigridfourrooms	8	2209156074	3411	0	100	DONE	NEXT	1	[12  4]	0	Discrete(7)	Dict(image:Box(7, 7, 3))
20200225T181810.428244	3.train	env-0	minigridkit_minigridkit_minigridfourrooms	8	326259265	3413	0	100	DONE	NEXT	2	[1 6]	0	Discrete(7)	Dict(image:Box(7, 7, 3))
20200225T181810.466650	3.train	env-0	minigridkit_minigridkit_minigridfourrooms	8	2923419359	3415	0	6	DONE	NEXT	0	[7 1]	0.946	Discrete(7)	Dict(image:Box(7, 7, 3))
20200225T181812.708568	3.train	env-0	minigridkit_minigridkit_minigridfourrooms	8	3696962377	3416	0	100	DONE	NEXT	3	[3 4]	0	Discrete(7)	Dict(image:Box(7, 7, 3))
20200225T181813.133533	3.train	env-0	minigridkit_minigridkit_minigridfourrooms	8	4208095710	3419	0	100	DONE	NEXT	2	[5 1]	0	Discrete(7)	Dict(image:Box(7, 7, 3))
20200225T181814.696950	3.train	env-0	minigridkit_minigridkit_minigridfourrooms	8	2902565013	3421	0	100	DONE	NEXT	3	[6 1]	0	Discrete(7)	Dict(image:Box(7, 7, 3))
20200225T181814.748575	3.train	env-0	minigridkit_minigridkit_minigridfourrooms	8	20405954	3423	0	9	DONE	NEXT	1	[7 3]	0.919	Discrete(7)	Dict(image:Box(7, 7, 3))
20200225T181814.835425	3.train	env-0	minigridkit_minigridkit_minigridfourrooms	8	4238474309	3424	0	16	DONE	NEXT	1	[5 6]	0.856	Discrete(7)	Dict(image:Box(7, 7, 3))
20200225T181815.182001	3.train	env-0	minigridkit_minigridkit_minigridfourrooms	8	136087465	3426	0	100	DONE	NEXT	1	[8 6]	0	Discrete(7)	Dict(image:Box(7, 7, 3))
20200225T181817.510064	3.train	env-0	minigridkit_minigridkit_minigridfourrooms	8	3489410835	3428	0	100	DONE	NEXT	1	[1 3]	0	Discrete(7)	Dict(image:Box(7, 7, 3))
20200225T181817.859163	3.train	env-0	minigridkit_minigridkit_minigridfourrooms	8	2402356747	3430	0	100	DONE	NEXT	1	[3 7]	0	Discrete(7)	Dict(image:Box(7, 7, 3))
20200225T181819.186851	3.train	env-0	minigridkit_minigridkit_minigridfourrooms	8	2470463549	3433	0	100	DONE	NEXT	1	[1 1]	0	Discrete(7)	Dict(image:Box(7, 7, 3))
20200225T181819.638834	3.train	env-0	minigridkit_minigridkit_minigridfourrooms	8	1297902295	3436	0	100	DONE	NEXT	1	[2 5]	0	Discrete(7)	Dict(image:Box(7, 7, 3))
20200225T181821.117412	3.train	env-0	minigridkit_minigridkit_minigridfourrooms	8	2489172975	3438	0	100	DONE	NEXT	0	[8 1]	0	Discrete(7)	Dict(image:Box(7, 7, 3))
20200225T181821.471373	3.train	env-0	minigridkit_minigridkit_minigridfourrooms	8	3563082407	3440	0	100	DONE	NEXT	2	[4 3]	0	Discrete(7)	Dict(image:Box(7, 7, 3))
20200225T181822.960295	3.train	env-0	minigridkit_minigridkit_minigridfourrooms	8	1004398192	3442	0	45	DONE	NEXT	1	[7 9]	0.595	Discrete(7)	Dict(image:Box(7, 7, 3))
20200225T181823.465174	3.train	env-0	minigridkit_minigridkit_minigridfourrooms	8	984502818	3444	0	100	DONE	NEXT	3	[8 7]	0	Discrete(7)	Dict(image:Box(7, 7, 3))
20200225T181825.271279	3.train	env-0	minigridkit_minigridkit_minigridfourrooms	8	1736280154	3446	0	100	DONE	NEXT	1	[ 1 13]	0	Discrete(7)	Dict(image:Box(7, 7, 3))
20200225T181825.877165	3.train	env-0	minigridkit_minigridkit_minigridfourrooms	8	189715703	3448	0	100	DONE	NEXT	1	[4 7]	0	Discrete(7)	Dict(image:Box(7, 7, 3))
20200225T181828.364307	3.train	env-0	minigridkit_minigridkit_minigridfourrooms	8	201919568	3450	0	100	DONE	NEXT	3	[2 6]	0	Discrete(7)	Dict(image:Box(7, 7, 3))
20200225T181828.485729	3.train	env-0	minigridkit_minigridkit_minigridfourrooms	8	1022505717	3452	0	15	DONE	NEXT	1	[4 8]	0.865	Discrete(7)	Dict(image:Box(7, 7, 3))
20200225T181829.033854	3.train	env-0	minigridkit_minigridkit_minigridfourrooms	8	3688464442	3454	0	100	DONE	NEXT	2	[8 3]	0	Discrete(7)	Dict(image:Box(7, 7, 3))
20200225T181830.662410	3.train	env-0	minigridkit_minigridkit_minigridfourrooms	8	4006287181	3456	0	100	DONE	NEXT	0	[2 4]	0	Discrete(7)	Dict(image:Box(7, 7, 3))
20200225T181831.061654	3.train	env-0	minigridkit_minigridkit_minigridfourrooms	8	910991786	3458	0	100	DONE	NEXT	0	[8 2]	0	Discrete(7)	Dict(image:Box(7, 7, 3))
20200225T181832.547375	3.train	env-0	minigridkit_minigridkit_minigridfourrooms	8	1108702469	3464	0	100	DONE	NEXT	2	[16 14]	0	Discrete(7)	Dict(image:Box(7, 7, 3))
20200225T181833.014447	3.train	env-0	minigridkit_minigridkit_minigridfourrooms	8	2184204383	3466	0	100	DONE	NEXT	0	[8 1]	0	Discrete(7)	Dict(image:Box(7, 7, 3))
20200225T181834.724998	3.train	env-0	minigridkit_minigridkit_minigridfourrooms	8	1715185051	3468	0	100	DONE	NEXT	3	[6 2]	0	Discrete(7)	Dict(image:Box(7, 7, 3))
20200225T181835.067369	3.train	env-0	minigridkit_minigridkit_minigridfourrooms	8	3026018772	3470	0	100	DONE	NEXT	0	[8 7]	0	Discrete(7)	Dict(image:Box(7, 7, 3))
20200225T181835.091328	3.train	env-0	minigridkit_minigridkit_minigridfourrooms	8	2335890684	3472	0	5	DONE	NEXT	3	[1 1]	0.955	Discrete(7)	Dict(image:Box(7, 7, 3))
20200225T181835.126473	3.train	env-0	minigridkit_minigridkit_minigridfourrooms	8	2252517846	3473	0	8	DONE	NEXT	0	[5 3]	0.9279999999999999	Discrete(7)	Dict(image:Box(7, 7, 3))
20200225T181836.671033	3.train	env-0	minigridkit_minigridkit_minigridfourrooms	8	3683352946	3474	0	100	DONE	NEXT	2	[7 4]	0	Discrete(7)	Dict(image:Box(7, 7, 3))
20200225T181837.096730	3.train	env-0	minigridkit_minigridkit_minigridfourrooms	8	1861056894	3476	0	100	DONE	NEXT	2	[5 5]	0	Discrete(7)	Dict(image:Box(7, 7, 3))
20200225T181839.934677	3.train	env-0	minigridkit_minigridkit_minigridfourrooms	8	2245314769	3479	0	100	DONE	NEXT	0	[2 4]	0	Discrete(7)	Dict(image:Box(7, 7, 3))
20200225T181840.502204	3.train	env-0	minigridkit_minigridkit_minigridfourrooms	8	639727434	3481	0	100	DONE	NEXT	3	[3 4]	0	Discrete(7)	Dict(image:Box(7, 7, 3))
20200225T181840.616024	3.train	env-0	minigridkit_minigridkit_minigridfourrooms	8	4046343550	3483	0	18	DONE	NEXT	1	[7 4]	0.838	Discrete(7)	Dict(image:Box(7, 7, 3))
20200225T181842.264453	3.train	env-0	minigridkit_minigridkit_minigridfourrooms	8	3026403132	3486	0	100	DONE	NEXT	1	[7 5]	0	Discrete(7)	Dict(image:Box(7, 7, 3))
20200225T181842.318360	3.train	env-0	minigridkit_minigridkit_minigridfourrooms	8	1078619023	3488	0	14	DONE	NEXT	1	[ 3 10]	0.874	Discrete(7)	Dict(image:Box(7, 7, 3))
20200225T181842.649450	3.train	env-0	minigridkit_minigridkit_minigridfourrooms	8	2865225200	3489	0	100	DONE	NEXT	0	[4 5]	0	Discrete(7)	Dict(image:Box(7, 7, 3))
20200225T181844.246334	3.train	env-0	minigridkit_minigridkit_minigridfourrooms	8	3910360628	3491	0	100	DONE	NEXT	1	[3 4]	0	Discrete(7)	Dict(image:Box(7, 7, 3))
20200225T181845.133146	3.train	env-0	minigridkit_minigridkit_minigridfourrooms	8	2158063953	3494	0	100	DONE	NEXT	0	[8 3]	0	Discrete(7)	Dict(image:Box(7, 7, 3))
20200225T181847.421155	3.train	env-0	minigridkit_minigridkit_minigridfourrooms	8	2428955557	3497	0	100	DONE	NEXT	2	[15  6]	0	Discrete(7)	Dict(image:Box(7, 7, 3))
20200225T181848.005791	3.train	env-0	minigridkit_minigridkit_minigridfourrooms	8	2992059814	3499	0	100	DONE	NEXT	3	[ 3 12]	0	Discrete(7)	Dict(image:Box(7, 7, 3))
20200225T181849.986077	3.train	env-0	minigridkit_minigridkit_minigridfourrooms	8	1103232570	3503	0	76	DONE	NEXT	2	[ 1 15]	0.31599999999999995	Discrete(7)	Dict(image:Box(7, 7, 3))
20200225T181850.693436	3.train	env-0	minigridkit_minigridkit_minigridfourrooms	8	3543667140	3505	0	100	DONE	NEXT	2	[5 4]	0	Discrete(7)	Dict(image:Box(7, 7, 3))
20200225T181852.471254	3.train	env-0	minigridkit_minigridkit_minigridfourrooms	8	271279076	3508	0	100	DONE	NEXT	1	[7 6]	0	Discrete(7)	Dict(image:Box(7, 7, 3))
20200225T181853.059280	3.train	env-0	minigridkit_minigridkit_minigridfourrooms	8	1132969157	3510	0	100	DONE	NEXT	3	[ 7 16]	0	Discrete(7)	Dict(image:Box(7, 7, 3))
20200225T181853.085180	3.train	env-0	minigridkit_minigridkit_minigridfourrooms	8	4042059553	3512	0	6	DONE	NEXT	1	[2 5]	0.946	Discrete(7)	Dict(image:Box(7, 7, 3))
20200225T181853.116775	3.train	env-0	minigridkit_minigridkit_minigridfourrooms	8	4157578780	3513	0	9	DONE	NEXT	2	[1 6]	0.919	Discrete(7)	Dict(image:Box(7, 7, 3))
20200225T181855.578054	3.train	env-0	minigridkit_minigridkit_minigridfourrooms	8	4089740355	3514	0	100	DONE	NEXT	1	[16  6]	0	Discrete(7)	Dict(image:Box(7, 7, 3))
20200225T181855.664090	3.train	env-0	minigridkit_minigridkit_minigridfourrooms	8	1218532371	3517	0	11	DONE	NEXT	1	[5 5]	0.901	Discrete(7)	Dict(image:Box(7, 7, 3))
20200225T181856.140063	3.train	env-0	minigridkit_minigridkit_minigridfourrooms	8	3375724378	3518	0	87	DONE	NEXT	1	[ 2 17]	0.21699999999999997	Discrete(7)	Dict(image:Box(7, 7, 3))
20200225T181858.566515	3.train	env-0	minigridkit_minigridkit_minigridfourrooms	8	3770175313	3520	0	100	DONE	NEXT	0	[6 2]	0	Discrete(7)	Dict(image:Box(7, 7, 3))
20200225T181859.117097	3.train	env-0	minigridkit_minigridkit_minigridfourrooms	8	630028009	3522	0	51	DONE	NEXT	0	[14  6]	0.5409999999999999	Discrete(7)	Dict(image:Box(7, 7, 3))
20200225T181901.213269	3.train	env-0	minigridkit_minigridkit_minigridfourrooms	8	751285701	3523	0	100	DONE	NEXT	0	[2 2]	0	Discrete(7)	Dict(image:Box(7, 7, 3))
20200225T181901.588912	3.train	env-0	minigridkit_minigridkit_minigridfourrooms	8	2225055767	3526	0	100	DONE	NEXT	1	[7 5]	0	Discrete(7)	Dict(image:Box(7, 7, 3))
20200225T181901.682886	3.train	env-0	minigridkit_minigridkit_minigridfourrooms	8	1671322874	3529	0	22	DONE	NEXT	1	[6 7]	0.802	Discrete(7)	Dict(image:Box(7, 7, 3))
20200225T181903.543933	3.train	env-0	minigridkit_minigridkit_minigridfourrooms	8	1852950928	3530	0	100	DONE	NEXT	1	[ 6 10]	0	Discrete(7)	Dict(image:Box(7, 7, 3))
20200225T181903.577730	3.train	env-0	minigridkit_minigridkit_minigridfourrooms	8	4109372937	3533	0	3	DONE	NEXT	1	[1 3]	0.973	Discrete(7)	Dict(image:Box(7, 7, 3))
20200225T181904.053122	3.train	env-0	minigridkit_minigridkit_minigridfourrooms	8	3155861096	3534	0	90	DONE	NEXT	0	[15  5]	0.18999999999999995	Discrete(7)	Dict(image:Box(7, 7, 3))
20200225T181906.098031	3.train	env-0	minigridkit_minigridkit_minigridfourrooms	8	1006846538	3536	0	100	DONE	NEXT	2	[1 3]	0	Discrete(7)	Dict(image:Box(7, 7, 3))
20200225T181906.716063	3.train	env-0	minigridkit_minigridkit_minigridfourrooms	8	2691171522	3538	0	100	DONE	NEXT	2	[3 8]	0	Discrete(7)	Dict(image:Box(7, 7, 3))
20200225T181908.636033	3.train	env-0	minigridkit_minigridkit_minigridfourrooms	8	3023161549	3541	0	100	DONE	NEXT	3	[ 5 14]	0	Discrete(7)	Dict(image:Box(7, 7, 3))
20200225T181908.721155	3.train	env-0	minigridkit_minigridkit_minigridfourrooms	8	913340485	3543	0	10	DONE	NEXT	1	[2 9]	0.91	Discrete(7)	Dict(image:Box(7, 7, 3))
20200225T181909.476572	3.train	env-0	minigridkit_minigridkit_minigridfourrooms	8	1786728050	3544	0	100	DONE	NEXT	3	[11  4]	0	Discrete(7)	Dict(image:Box(7, 7, 3))
20200225T181911.543319	3.train	env-0	minigridkit_minigridkit_minigridfourrooms	8	495896236	3546	0	100	DONE	NEXT	0	[7 2]	0	Discrete(7)	Dict(image:Box(7, 7, 3))
20200225T181911.640662	3.train	env-0	minigridkit_minigridkit_minigridfourrooms	8	1861911854	3548	0	8	DONE	NEXT	1	[5 4]	0.9279999999999999	Discrete(7)	Dict(image:Box(7, 7, 3))
20200225T181911.733037	3.train	env-0	minigridkit_minigridkit_minigridfourrooms	8	3035135601	3549	0	12	DONE	NEXT	1	[4 7]	0.892	Discrete(7)	Dict(image:Box(7, 7, 3))
20200225T181911.941383	3.train	env-0	minigridkit_minigridkit_minigridfourrooms	8	138749969	3550	0	23	DONE	NEXT	1	[6 8]	0.7929999999999999	Discrete(7)	Dict(image:Box(7, 7, 3))
20200225T181912.667847	3.train	env-0	minigridkit_minigridkit_minigridfourrooms	8	4078328930	3551	0	100	DONE	NEXT	2	[5 7]	0	Discrete(7)	Dict(image:Box(7, 7, 3))
20200225T181914.934678	3.train	env-0	minigridkit_minigridkit_minigridfourrooms	8	1858782944	3553	0	100	DONE	NEXT	1	[5 5]	0	Discrete(7)	Dict(image:Box(7, 7, 3))
20200225T181915.074980	3.train	env-0	minigridkit_minigridkit_minigridfourrooms	8	1986733747	3555	0	28	DONE	NEXT	1	[ 7 14]	0.748	Discrete(7)	Dict(image:Box(7, 7, 3))
20200225T181919.073387	3.train	env-0	minigridkit_minigridkit_minigridfourrooms	8	2521703785	3557	0	100	DONE	NEXT	3	[16  5]	0	Discrete(7)	Dict(image:Box(7, 7, 3))
20200225T181920.055949	3.train	env-0	minigridkit_minigridkit_minigridfourrooms	8	2387909519	3559	0	100	DONE	NEXT	1	[7 5]	0	Discrete(7)	Dict(image:Box(7, 7, 3))
20200225T181920.193555	3.train	env-0	minigridkit_minigridkit_minigridfourrooms	8	109401336	3561	0	15	DONE	NEXT	0	[4 1]	0.865	Discrete(7)	Dict(image:Box(7, 7, 3))
20200225T181922.973468	3.train	env-0	minigridkit_minigridkit_minigridfourrooms	8	393809446	3562	0	78	DONE	NEXT	0	[11 10]	0.29799999999999993	Discrete(7)	Dict(image:Box(7, 7, 3))
20200225T181924.022653	3.train	env-0	minigridkit_minigridkit_minigridfourrooms	8	642080062	3564	0	100	DONE	NEXT	0	[5 8]	0	Discrete(7)	Dict(image:Box(7, 7, 3))
20200225T181927.682972	3.train	env-0	minigridkit_minigridkit_minigridfourrooms	8	1760155826	3566	0	100	DONE	NEXT	3	[7 2]	0	Discrete(7)	Dict(image:Box(7, 7, 3))
20200225T181928.077737	3.train	env-0	minigridkit_minigridkit_minigridfourrooms	8	2698227328	3568	0	42	DONE	NEXT	1	[ 4 11]	0.622	Discrete(7)	Dict(image:Box(7, 7, 3))
20200225T181928.870213	3.train	env-0	minigridkit_minigridkit_minigridfourrooms	8	3776980534	3570	0	100	DONE	NEXT	0	[8 5]	0	Discrete(7)	Dict(image:Box(7, 7, 3))
20200225T181928.977783	3.train	env-0	minigridkit_minigridkit_minigridfourrooms	8	3491224713	3572	0	10	DONE	NEXT	1	[2 2]	0.91	Discrete(7)	Dict(image:Box(7, 7, 3))
20200225T181932.423466	3.train	env-0	minigridkit_minigridkit_minigridfourrooms	8	1374609808	3573	0	100	DONE	NEXT	3	[3 3]	0	Discrete(7)	Dict(image:Box(7, 7, 3))
20200225T181933.864893	3.train	env-0	minigridkit_minigridkit_minigridfourrooms	8	4284536422	3575	0	100	DONE	NEXT	2	[1 3]	0	Discrete(7)	Dict(image:Box(7, 7, 3))
20200225T181936.817412	3.train	env-0	minigridkit_minigridkit_minigridfourrooms	8	2647652077	3577	0	100	DONE	NEXT	3	[7 1]	0	Discrete(7)	Dict(image:Box(7, 7, 3))
20200225T181937.489969	3.train	env-0	minigridkit_minigridkit_minigridfourrooms	8	164235391	3580	0	85	DONE	NEXT	1	[12  7]	0.235	Discrete(7)	Dict(image:Box(7, 7, 3))
20200225T181940.213699	3.train	env-0	minigridkit_minigridkit_minigridfourrooms	8	3488143827	3582	0	100	DONE	NEXT	3	[ 1 13]	0	Discrete(7)	Dict(image:Box(7, 7, 3))
20200225T181940.863601	3.train	env-0	minigridkit_minigridkit_minigridfourrooms	8	659072352	3584	0	100	DONE	NEXT	1	[ 5 13]	0	Discrete(7)	Dict(image:Box(7, 7, 3))
20200225T181940.912312	3.train	env-0	minigridkit_minigridkit_minigridfourrooms	8	389599839	3586	0	10	DONE	NEXT	1	[2 7]	0.91	Discrete(7)	Dict(image:Box(7, 7, 3))
20200225T181942.885554	3.train	env-0	minigridkit_minigridkit_minigridfourrooms	8	138112160	3587	0	100	DONE	NEXT	1	[14  9]	0	Discrete(7)	Dict(image:Box(7, 7, 3))
20200225T181943.105526	3.train	env-0	minigridkit_minigridkit_minigridfourrooms	8	2036953777	3590	0	32	DONE	NEXT	2	[ 2 16]	0.712	Discrete(7)	Dict(image:Box(7, 7, 3))
20200225T181943.621705	3.train	env-0	minigridkit_minigridkit_minigridfourrooms	8	1803148929	3591	0	100	DONE	NEXT	1	[1 4]	0	Discrete(7)	Dict(image:Box(7, 7, 3))
20200225T181945.528806	3.train	env-0	minigridkit_minigridkit_minigridfourrooms	8	2122086428	3593	0	100	DONE	NEXT	3	[6 6]	0	Discrete(7)	Dict(image:Box(7, 7, 3))
20200225T181946.053737	3.train	env-0	minigridkit_minigridkit_minigridfourrooms	8	3313097310	3596	0	100	DONE	NEXT	2	[ 1 13]	0	Discrete(7)	Dict(image:Box(7, 7, 3))
20200225T181948.400873	3.train	env-0	minigridkit_minigridkit_minigridfourrooms	8	958353317	3598	0	100	DONE	NEXT	2	[ 1 14]	0	Discrete(7)	Dict(image:Box(7, 7, 3))
20200225T181948.401651	3.train	env-0	minigridkit_minigridkit_minigridfourrooms	8	958353317	3598	0	100	DONE	RESET	2	[ 1 14]	0	Discrete(7)	Dict(image:Box(7, 7, 3))
20200225T181948.900450	3.train	env-0	minigridkit_minigridkit_minigridfourrooms	8	958353317	3598	1	184	DONE	RESET	1	[ 3 15]	0.244	Discrete(7)	Dict(image:Box(7, 7, 3))
