block_num	regime_num	exp_num	status	timestamp	agent_dir	agent_pos	task_name	sub_task	worker	action_space	source	reward	seed	observation_space	steps
3	5	500	DONE	20200924T003101.261991	0	[14 14]	minigridkit_minigridkit_minigrid16x16	0	env-0	Discrete(7)	NEXT	0.8822265625	1728225357	Dict(image:Box(7, 7, 3))	134
3	5	501	DONE	20200924T003102.577087	0	[14 14]	minigridkit_minigridkit_minigrid16x16	0	env-0	Discrete(7)	NEXT	0.7169921875	1753909055	Dict(image:Box(7, 7, 3))	322
3	5	502	DONE	20200924T003103.194128	1	[14 14]	minigridkit_minigridkit_minigrid16x16	0	env-0	Discrete(7)	NEXT	0.85849609375	783330867	Dict(image:Box(7, 7, 3))	161
3	5	503	DONE	20200924T003103.347126	0	[14 14]	minigridkit_minigridkit_minigrid16x16	0	env-0	Discrete(7)	NEXT	0.9595703125	1094072364	Dict(image:Box(7, 7, 3))	46
3	5	504	DONE	20200924T003103.571968	0	[14 14]	minigridkit_minigridkit_minigrid16x16	0	env-0	Discrete(7)	NEXT	0.9384765625	2574885404	Dict(image:Box(7, 7, 3))	70
3	5	505	DONE	20200924T003104.159006	0	[14 14]	minigridkit_minigridkit_minigrid16x16	0	env-0	Discrete(7)	NEXT	0.85322265625	207552092	Dict(image:Box(7, 7, 3))	167
3	5	506	DONE	20200924T003105.177595	0	[14 14]	minigridkit_minigridkit_minigrid16x16	0	env-0	Discrete(7)	NEXT	0.827734375	650395024	Dict(image:Box(7, 7, 3))	196
3	5	507	DONE	20200924T003106.007803	0	[14 14]	minigridkit_minigridkit_minigrid16x16	0	env-0	Discrete(7)	NEXT	0.820703125	2681001475	Dict(image:Box(7, 7, 3))	204
3	5	508	DONE	20200924T003106.924409	0	[14 14]	minigridkit_minigridkit_minigrid16x16	0	env-0	Discrete(7)	NEXT	0.775	291944887	Dict(image:Box(7, 7, 3))	256
3	5	509	DONE	20200924T003107.465414	0	[14 14]	minigridkit_minigridkit_minigrid16x16	0	env-0	Discrete(7)	NEXT	0.8787109375	362863097	Dict(image:Box(7, 7, 3))	138
3	5	510	DONE	20200924T003108.248466	0	[14 14]	minigridkit_minigridkit_minigrid16x16	0	env-0	Discrete(7)	NEXT	0.81015625	563764958	Dict(image:Box(7, 7, 3))	216
3	5	511	DONE	20200924T003108.667505	0	[14 14]	minigridkit_minigridkit_minigrid16x16	0	env-0	Discrete(7)	NEXT	0.90859375	1434865926	Dict(image:Box(7, 7, 3))	104
3	5	512	DONE	20200924T003108.933049	0	[14 14]	minigridkit_minigridkit_minigrid16x16	0	env-0	Discrete(7)	NEXT	0.92353515625	2245579453	Dict(image:Box(7, 7, 3))	87
3	5	513	DONE	20200924T003109.246533	0	[14 14]	minigridkit_minigridkit_minigrid16x16	0	env-0	Discrete(7)	NEXT	0.915625	1012840501	Dict(image:Box(7, 7, 3))	96
3	5	514	DONE	20200924T003109.769076	0	[14 14]	minigridkit_minigridkit_minigrid16x16	0	env-0	Discrete(7)	NEXT	0.87255859375	3556651196	Dict(image:Box(7, 7, 3))	145
3	5	515	DONE	20200924T003110.229076	0	[14 14]	minigridkit_minigridkit_minigrid16x16	0	env-0	Discrete(7)	NEXT	0.91123046875	346364645	Dict(image:Box(7, 7, 3))	101
3	5	516	DONE	20200924T003110.600074	0	[14 14]	minigridkit_minigridkit_minigrid16x16	0	env-0	Discrete(7)	NEXT	0.8822265625	2220879546	Dict(image:Box(7, 7, 3))	134
3	5	517	DONE	20200924T003111.069623	0	[14 14]	minigridkit_minigridkit_minigrid16x16	0	env-0	Discrete(7)	NEXT	0.891015625	3791209848	Dict(image:Box(7, 7, 3))	124
3	5	518	DONE	20200924T003111.247174	0	[14 14]	minigridkit_minigridkit_minigrid16x16	0	env-0	Discrete(7)	NEXT	0.95517578125	2075017243	Dict(image:Box(7, 7, 3))	51
3	5	519	DONE	20200924T003112.386760	0	[14 14]	minigridkit_minigridkit_minigrid16x16	0	env-0	Discrete(7)	NEXT	0.7310546874999999	3625613784	Dict(image:Box(7, 7, 3))	306
3	5	520	DONE	20200924T003112.637759	0	[14 14]	minigridkit_minigridkit_minigrid16x16	0	env-0	Discrete(7)	NEXT	0.93408203125	1855209064	Dict(image:Box(7, 7, 3))	75
3	5	521	DONE	20200924T003113.041883	0	[14 14]	minigridkit_minigridkit_minigrid16x16	0	env-0	Discrete(7)	NEXT	0.905078125	1832474884	Dict(image:Box(7, 7, 3))	108
3	5	522	DONE	20200924T003113.317881	0	[14 14]	minigridkit_minigridkit_minigrid16x16	0	env-0	Discrete(7)	NEXT	0.912109375	1833294959	Dict(image:Box(7, 7, 3))	100
3	5	523	DONE	20200924T003114.638299	0	[14 14]	minigridkit_minigridkit_minigrid16x16	0	env-0	Discrete(7)	NEXT	0.6361328125	735301786	Dict(image:Box(7, 7, 3))	414
3	5	524	DONE	20200924T003115.148892	0	[14 14]	minigridkit_minigridkit_minigrid16x16	0	env-0	Discrete(7)	NEXT	0.88046875	442332976	Dict(image:Box(7, 7, 3))	136
3	5	525	DONE	20200924T003115.674894	0	[14 14]	minigridkit_minigridkit_minigrid16x16	0	env-0	Discrete(7)	NEXT	0.8681640625	3039299496	Dict(image:Box(7, 7, 3))	150
3	5	526	DONE	20200924T003116.097414	0	[14 14]	minigridkit_minigridkit_minigrid16x16	0	env-0	Discrete(7)	NEXT	0.86025390625	2815675464	Dict(image:Box(7, 7, 3))	159
3	5	527	DONE	20200924T003116.322493	0	[14 14]	minigridkit_minigridkit_minigrid16x16	0	env-0	Discrete(7)	NEXT	0.9630859375	1809864416	Dict(image:Box(7, 7, 3))	42
3	5	528	DONE	20200924T003116.438494	0	[14 14]	minigridkit_minigridkit_minigrid16x16	0	env-0	Discrete(7)	NEXT	0.9666015625	286856972	Dict(image:Box(7, 7, 3))	38
3	5	529	DONE	20200924T003116.578494	0	[14 14]	minigridkit_minigridkit_minigrid16x16	0	env-0	Discrete(7)	NEXT	0.96572265625	1125816982	Dict(image:Box(7, 7, 3))	39
3	5	530	DONE	20200924T003116.935573	0	[14 14]	minigridkit_minigridkit_minigrid16x16	0	env-0	Discrete(7)	NEXT	0.92001953125	4122050235	Dict(image:Box(7, 7, 3))	91
3	5	531	DONE	20200924T003117.392572	0	[14 14]	minigridkit_minigridkit_minigrid16x16	0	env-0	Discrete(7)	NEXT	0.85849609375	1956913788	Dict(image:Box(7, 7, 3))	161
3	5	532	DONE	20200924T003117.947125	0	[14 14]	minigridkit_minigridkit_minigrid16x16	0	env-0	Discrete(7)	NEXT	0.84794921875	4076329004	Dict(image:Box(7, 7, 3))	173
3	5	533	DONE	20200924T003118.105129	0	[14 14]	minigridkit_minigridkit_minigrid16x16	0	env-0	Discrete(7)	NEXT	0.9578125	953905136	Dict(image:Box(7, 7, 3))	48
3	5	534	DONE	20200924T003118.468312	0	[14 14]	minigridkit_minigridkit_minigrid16x16	0	env-0	Discrete(7)	NEXT	0.940234375	1335443935	Dict(image:Box(7, 7, 3))	68
3	5	535	DONE	20200924T003118.640304	0	[14 14]	minigridkit_minigridkit_minigrid16x16	0	env-0	Discrete(7)	NEXT	0.954296875	4013234406	Dict(image:Box(7, 7, 3))	52
3	5	536	DONE	20200924T003118.768851	0	[14 14]	minigridkit_minigridkit_minigrid16x16	0	env-0	Discrete(7)	NEXT	0.96044921875	618103004	Dict(image:Box(7, 7, 3))	45
3	5	537	DONE	20200924T003119.468370	0	[14 14]	minigridkit_minigridkit_minigrid16x16	0	env-0	Discrete(7)	NEXT	0.85234375	2424644026	Dict(image:Box(7, 7, 3))	168
3	5	538	DONE	20200924T003119.990416	0	[14 14]	minigridkit_minigridkit_minigrid16x16	0	env-0	Discrete(7)	NEXT	0.92265625	2976830695	Dict(image:Box(7, 7, 3))	88
3	5	539	DONE	20200924T003120.505925	0	[14 14]	minigridkit_minigridkit_minigrid16x16	0	env-0	Discrete(7)	NEXT	0.88662109375	2745973349	Dict(image:Box(7, 7, 3))	129
3	5	540	DONE	20200924T003120.699923	0	[14 14]	minigridkit_minigridkit_minigrid16x16	0	env-0	Discrete(7)	NEXT	0.95166015625	1648026429	Dict(image:Box(7, 7, 3))	55
3	5	541	DONE	20200924T003120.940439	0	[14 14]	minigridkit_minigridkit_minigrid16x16	0	env-0	Discrete(7)	NEXT	0.97275390625	2982086432	Dict(image:Box(7, 7, 3))	31
3	5	542	DONE	20200924T003121.127440	0	[14 14]	minigridkit_minigridkit_minigrid16x16	0	env-0	Discrete(7)	NEXT	0.954296875	2076340407	Dict(image:Box(7, 7, 3))	52
3	5	543	DONE	20200924T003121.263439	0	[14 14]	minigridkit_minigridkit_minigrid16x16	0	env-0	Discrete(7)	NEXT	0.968359375	909742048	Dict(image:Box(7, 7, 3))	36
3	5	544	DONE	20200924T003121.430441	0	[14 14]	minigridkit_minigridkit_minigrid16x16	0	env-0	Discrete(7)	NEXT	0.9630859375	2584808485	Dict(image:Box(7, 7, 3))	42
3	5	545	DONE	20200924T003121.735439	0	[14 14]	minigridkit_minigridkit_minigrid16x16	0	env-0	Discrete(7)	NEXT	0.9578125	1593605935	Dict(image:Box(7, 7, 3))	48
3	5	546	DONE	20200924T003122.413443	0	[14 14]	minigridkit_minigridkit_minigrid16x16	0	env-0	Discrete(7)	NEXT	0.83125	664181465	Dict(image:Box(7, 7, 3))	192
3	5	547	DONE	20200924T003122.763444	0	[14 14]	minigridkit_minigridkit_minigrid16x16	0	env-0	Discrete(7)	NEXT	0.95078125	1989573146	Dict(image:Box(7, 7, 3))	56
3	5	548	DONE	20200924T003123.112438	0	[14 14]	minigridkit_minigridkit_minigrid16x16	0	env-0	Discrete(7)	NEXT	0.9279296875	2740438167	Dict(image:Box(7, 7, 3))	82
3	5	549	DONE	20200924T003123.322439	0	[14 14]	minigridkit_minigridkit_minigrid16x16	0	env-0	Discrete(7)	NEXT	0.9455078125	213486482	Dict(image:Box(7, 7, 3))	62
3	5	550	DONE	20200924T003123.614473	0	[14 14]	minigridkit_minigridkit_minigrid16x16	0	env-0	Discrete(7)	NEXT	0.96484375	2504239206	Dict(image:Box(7, 7, 3))	40
3	5	551	DONE	20200924T003123.903441	0	[14 14]	minigridkit_minigridkit_minigrid16x16	0	env-0	Discrete(7)	NEXT	0.9490234375	2897568470	Dict(image:Box(7, 7, 3))	58
3	5	552	DONE	20200924T003124.282441	0	[14 14]	minigridkit_minigridkit_minigrid16x16	0	env-0	Discrete(7)	NEXT	0.940234375	3223036445	Dict(image:Box(7, 7, 3))	68
3	5	553	DONE	20200924T003124.737440	0	[14 14]	minigridkit_minigridkit_minigrid16x16	0	env-0	Discrete(7)	NEXT	0.92529296875	3130655962	Dict(image:Box(7, 7, 3))	85
3	5	554	DONE	20200924T003125.111439	0	[14 14]	minigridkit_minigridkit_minigrid16x16	0	env-0	Discrete(7)	NEXT	0.90244140625	1236730358	Dict(image:Box(7, 7, 3))	111
3	5	555	DONE	20200924T003125.252441	0	[14 14]	minigridkit_minigridkit_minigrid16x16	0	env-0	Discrete(7)	NEXT	0.9666015625	2215919524	Dict(image:Box(7, 7, 3))	38
3	5	556	DONE	20200924T003125.556440	0	[14 14]	minigridkit_minigridkit_minigrid16x16	0	env-0	Discrete(7)	NEXT	0.954296875	1621512072	Dict(image:Box(7, 7, 3))	52
3	5	557	DONE	20200924T003125.672442	0	[14 14]	minigridkit_minigridkit_minigrid16x16	0	env-0	Discrete(7)	NEXT	0.971875	963336886	Dict(image:Box(7, 7, 3))	32
3	5	558	DONE	20200924T003125.966442	0	[14 14]	minigridkit_minigridkit_minigrid16x16	0	env-0	Discrete(7)	NEXT	0.92353515625	267195141	Dict(image:Box(7, 7, 3))	87
3	5	559	DONE	20200924T003126.224440	0	[14 14]	minigridkit_minigridkit_minigrid16x16	0	env-0	Discrete(7)	NEXT	0.968359375	4270825743	Dict(image:Box(7, 7, 3))	36
3	5	560	DONE	20200924T003126.787441	0	[14 14]	minigridkit_minigridkit_minigrid16x16	0	env-0	Discrete(7)	NEXT	0.8453125	2744666034	Dict(image:Box(7, 7, 3))	176
3	5	561	DONE	20200924T003127.098437	0	[14 14]	minigridkit_minigridkit_minigrid16x16	0	env-0	Discrete(7)	NEXT	0.95341796875	2871222958	Dict(image:Box(7, 7, 3))	53
3	5	562	DONE	20200924T003127.396440	0	[14 14]	minigridkit_minigridkit_minigrid16x16	0	env-0	Discrete(7)	NEXT	0.92001953125	3268730173	Dict(image:Box(7, 7, 3))	91
3	5	563	DONE	20200924T003127.549438	0	[14 14]	minigridkit_minigridkit_minigrid16x16	0	env-0	Discrete(7)	NEXT	0.9630859375	56785427	Dict(image:Box(7, 7, 3))	42
3	5	564	DONE	20200924T003127.831442	0	[14 14]	minigridkit_minigridkit_minigrid16x16	0	env-0	Discrete(7)	NEXT	0.961328125	1383685226	Dict(image:Box(7, 7, 3))	44
3	5	565	DONE	20200924T003128.011438	0	[14 14]	minigridkit_minigridkit_minigrid16x16	0	env-0	Discrete(7)	NEXT	0.95693359375	3530512142	Dict(image:Box(7, 7, 3))	49
3	5	566	DONE	20200924T003128.159440	0	[14 14]	minigridkit_minigridkit_minigrid16x16	0	env-0	Discrete(7)	NEXT	0.9701171875	170149559	Dict(image:Box(7, 7, 3))	34
3	5	567	DONE	20200924T003128.371439	0	[14 14]	minigridkit_minigridkit_minigrid16x16	0	env-0	Discrete(7)	NEXT	0.95341796875	2986000978	Dict(image:Box(7, 7, 3))	53
3	5	568	DONE	20200924T003128.833438	0	[14 14]	minigridkit_minigridkit_minigrid16x16	0	env-0	Discrete(7)	NEXT	0.9103515625	2352240982	Dict(image:Box(7, 7, 3))	102
3	5	569	DONE	20200924T003129.237438	0	[14 14]	minigridkit_minigridkit_minigrid16x16	0	env-0	Discrete(7)	NEXT	0.89365234375	1558349940	Dict(image:Box(7, 7, 3))	121
3	5	570	DONE	20200924T003129.476438	0	[14 14]	minigridkit_minigridkit_minigrid16x16	0	env-0	Discrete(7)	NEXT	0.971875	401698905	Dict(image:Box(7, 7, 3))	32
3	5	571	DONE	20200924T003129.650437	0	[14 14]	minigridkit_minigridkit_minigrid16x16	0	env-0	Discrete(7)	NEXT	0.95693359375	2507496939	Dict(image:Box(7, 7, 3))	49
3	5	572	DONE	20200924T003129.907438	0	[14 14]	minigridkit_minigridkit_minigrid16x16	0	env-0	Discrete(7)	NEXT	0.93583984375	1861672778	Dict(image:Box(7, 7, 3))	73
3	5	573	DONE	20200924T003130.086441	0	[14 14]	minigridkit_minigridkit_minigrid16x16	0	env-0	Discrete(7)	NEXT	0.95693359375	515385411	Dict(image:Box(7, 7, 3))	49
3	5	574	DONE	20200924T003130.351442	0	[14 14]	minigridkit_minigridkit_minigrid16x16	0	env-0	Discrete(7)	NEXT	0.968359375	3323486979	Dict(image:Box(7, 7, 3))	36
3	5	575	DONE	20200924T003130.510439	0	[14 14]	minigridkit_minigridkit_minigrid16x16	0	env-0	Discrete(7)	NEXT	0.9630859375	3831003045	Dict(image:Box(7, 7, 3))	42
3	5	576	DONE	20200924T003130.643438	0	[14 14]	minigridkit_minigridkit_minigrid16x16	0	env-0	Discrete(7)	NEXT	0.96923828125	1503215383	Dict(image:Box(7, 7, 3))	35
3	5	577	DONE	20200924T003130.791439	0	[14 14]	minigridkit_minigridkit_minigrid16x16	0	env-0	Discrete(7)	NEXT	0.96748046875	2272308435	Dict(image:Box(7, 7, 3))	37
3	5	578	DONE	20200924T003131.100439	0	[14 14]	minigridkit_minigridkit_minigrid16x16	0	env-0	Discrete(7)	NEXT	0.95078125	3219680804	Dict(image:Box(7, 7, 3))	56
3	5	579	DONE	20200924T003131.609441	0	[14 14]	minigridkit_minigridkit_minigrid16x16	0	env-0	Discrete(7)	NEXT	0.926171875	791006846	Dict(image:Box(7, 7, 3))	84
3	5	580	DONE	20200924T003131.742440	0	[14 14]	minigridkit_minigridkit_minigrid16x16	0	env-0	Discrete(7)	NEXT	0.9736328125	3284379440	Dict(image:Box(7, 7, 3))	30
3	5	581	DONE	20200924T003131.997438	0	[14 14]	minigridkit_minigridkit_minigrid16x16	0	env-0	Discrete(7)	NEXT	0.9349609375	1105549700	Dict(image:Box(7, 7, 3))	74
3	5	582	DONE	20200924T003132.123438	0	[14 14]	minigridkit_minigridkit_minigrid16x16	0	env-0	Discrete(7)	NEXT	0.9736328125	3460167029	Dict(image:Box(7, 7, 3))	30
3	5	583	DONE	20200924T003132.448438	0	[14 14]	minigridkit_minigridkit_minigrid16x16	0	env-0	Discrete(7)	NEXT	0.95078125	1728863423	Dict(image:Box(7, 7, 3))	56
3	5	584	DONE	20200924T003132.575439	0	[14 14]	minigridkit_minigridkit_minigrid16x16	0	env-0	Discrete(7)	NEXT	0.971875	2517470059	Dict(image:Box(7, 7, 3))	32
3	5	585	DONE	20200924T003132.690438	0	[14 14]	minigridkit_minigridkit_minigrid16x16	0	env-0	Discrete(7)	NEXT	0.971875	1916594470	Dict(image:Box(7, 7, 3))	32
3	5	586	DONE	20200924T003132.833439	0	[14 14]	minigridkit_minigridkit_minigrid16x16	0	env-0	Discrete(7)	NEXT	0.96484375	3501080489	Dict(image:Box(7, 7, 3))	40
3	5	587	DONE	20200924T003133.103438	0	[14 14]	minigridkit_minigridkit_minigrid16x16	0	env-0	Discrete(7)	NEXT	0.95869140625	3865545529	Dict(image:Box(7, 7, 3))	47
3	5	588	DONE	20200924T003133.320437	0	[14 14]	minigridkit_minigridkit_minigrid16x16	0	env-0	Discrete(7)	NEXT	0.9455078125	2984365930	Dict(image:Box(7, 7, 3))	62
3	5	589	DONE	20200924T003133.495440	0	[14 14]	minigridkit_minigridkit_minigrid16x16	0	env-0	Discrete(7)	NEXT	0.954296875	1261386139	Dict(image:Box(7, 7, 3))	52
3	5	590	DONE	20200924T003133.661437	0	[14 14]	minigridkit_minigridkit_minigrid16x16	0	env-0	Discrete(7)	NEXT	0.95517578125	1188378422	Dict(image:Box(7, 7, 3))	51
3	5	591	DONE	20200924T003133.973438	0	[14 14]	minigridkit_minigridkit_minigrid16x16	0	env-0	Discrete(7)	NEXT	0.95078125	2934478780	Dict(image:Box(7, 7, 3))	56
3	5	592	DONE	20200924T003134.100437	0	[14 14]	minigridkit_minigridkit_minigrid16x16	0	env-0	Discrete(7)	NEXT	0.9701171875	3033143213	Dict(image:Box(7, 7, 3))	34
3	5	593	DONE	20200924T003134.272440	0	[14 14]	minigridkit_minigridkit_minigrid16x16	0	env-0	Discrete(7)	NEXT	0.9560546875	2797972801	Dict(image:Box(7, 7, 3))	50
3	5	594	DONE	20200924T003134.421446	0	[14 14]	minigridkit_minigridkit_minigrid16x16	0	env-0	Discrete(7)	NEXT	0.9666015625	1699766508	Dict(image:Box(7, 7, 3))	38
3	5	595	DONE	20200924T003134.575439	0	[14 14]	minigridkit_minigridkit_minigrid16x16	0	env-0	Discrete(7)	NEXT	0.96484375	4024090066	Dict(image:Box(7, 7, 3))	40
3	5	596	DONE	20200924T003134.835439	0	[14 14]	minigridkit_minigridkit_minigrid16x16	0	env-0	Discrete(7)	NEXT	0.9666015625	3256040562	Dict(image:Box(7, 7, 3))	38
3	5	597	DONE	20200924T003134.945440	0	[14 14]	minigridkit_minigridkit_minigrid16x16	0	env-0	Discrete(7)	NEXT	0.9736328125	3080569864	Dict(image:Box(7, 7, 3))	30
3	5	598	DONE	20200924T003135.092439	0	[14 14]	minigridkit_minigridkit_minigrid16x16	0	env-0	Discrete(7)	NEXT	0.96572265625	3678020915	Dict(image:Box(7, 7, 3))	39
3	5	599	DONE	20200924T003135.234437	0	[14 14]	minigridkit_minigridkit_minigrid16x16	0	env-0	Discrete(7)	NEXT	0.96484375	1807382947	Dict(image:Box(7, 7, 3))	40
3	5	600	DONE	20200924T003135.404437	0	[14 14]	minigridkit_minigridkit_minigrid16x16	0	env-0	Discrete(7)	NEXT	0.9560546875	4017033151	Dict(image:Box(7, 7, 3))	50
3	5	601	DONE	20200924T003135.669438	0	[14 14]	minigridkit_minigridkit_minigrid16x16	0	env-0	Discrete(7)	NEXT	0.96396484375	1694846191	Dict(image:Box(7, 7, 3))	41
3	5	602	DONE	20200924T003135.807438	0	[14 14]	minigridkit_minigridkit_minigrid16x16	0	env-0	Discrete(7)	NEXT	0.9666015625	3489873971	Dict(image:Box(7, 7, 3))	38
3	5	603	DONE	20200924T003135.955439	0	[14 14]	minigridkit_minigridkit_minigrid16x16	0	env-0	Discrete(7)	NEXT	0.961328125	3474958823	Dict(image:Box(7, 7, 3))	44
3	5	604	DONE	20200924T003136.563439	0	[14 14]	minigridkit_minigridkit_minigrid16x16	0	env-0	Discrete(7)	NEXT	0.85498046875	4015953487	Dict(image:Box(7, 7, 3))	165
3	5	605	DONE	20200924T003136.706436	0	[14 14]	minigridkit_minigridkit_minigrid16x16	0	env-0	Discrete(7)	NEXT	0.96484375	994119407	Dict(image:Box(7, 7, 3))	40
3	5	606	DONE	20200924T003136.822437	0	[14 14]	minigridkit_minigridkit_minigrid16x16	0	env-0	Discrete(7)	NEXT	0.96923828125	2449601083	Dict(image:Box(7, 7, 3))	35
3	5	607	DONE	20200924T003136.952435	0	[14 14]	minigridkit_minigridkit_minigrid16x16	0	env-0	Discrete(7)	NEXT	0.968359375	3302671748	Dict(image:Box(7, 7, 3))	36
3	5	608	DONE	20200924T003137.217437	0	[14 14]	minigridkit_minigridkit_minigrid16x16	0	env-0	Discrete(7)	NEXT	0.961328125	296762744	Dict(image:Box(7, 7, 3))	44
3	5	609	DONE	20200924T003137.356437	0	[14 14]	minigridkit_minigridkit_minigrid16x16	0	env-0	Discrete(7)	NEXT	0.9630859375	2150545973	Dict(image:Box(7, 7, 3))	42
3	5	610	DONE	20200924T003137.477438	0	[14 14]	minigridkit_minigridkit_minigrid16x16	0	env-0	Discrete(7)	NEXT	0.9701171875	3127485403	Dict(image:Box(7, 7, 3))	34
3	5	611	DONE	20200924T003137.722438	0	[14 14]	minigridkit_minigridkit_minigrid16x16	0	env-0	Discrete(7)	NEXT	0.933203125	1517269105	Dict(image:Box(7, 7, 3))	76
3	5	612	DONE	20200924T003138.001436	0	[14 14]	minigridkit_minigridkit_minigrid16x16	0	env-0	Discrete(7)	NEXT	0.9595703125	4242098932	Dict(image:Box(7, 7, 3))	46
3	5	613	DONE	20200924T003138.255436	0	[14 14]	minigridkit_minigridkit_minigrid16x16	0	env-0	Discrete(7)	NEXT	0.93056640625	112446422	Dict(image:Box(7, 7, 3))	79
3	5	614	DONE	20200924T003138.394437	0	[14 14]	minigridkit_minigridkit_minigrid16x16	0	env-0	Discrete(7)	NEXT	0.9736328125	4082488114	Dict(image:Box(7, 7, 3))	30
3	5	615	DONE	20200924T003138.538438	0	[14 14]	minigridkit_minigridkit_minigrid16x16	0	env-0	Discrete(7)	NEXT	0.9666015625	2844213731	Dict(image:Box(7, 7, 3))	38
3	5	616	DONE	20200924T003138.792437	0	[14 14]	minigridkit_minigridkit_minigrid16x16	0	env-0	Discrete(7)	NEXT	0.9666015625	2375198065	Dict(image:Box(7, 7, 3))	38
3	5	617	DONE	20200924T003139.055438	0	[14 14]	minigridkit_minigridkit_minigrid16x16	0	env-0	Discrete(7)	NEXT	0.92705078125	1269634063	Dict(image:Box(7, 7, 3))	83
3	5	618	DONE	20200924T003139.187440	0	[14 14]	minigridkit_minigridkit_minigrid16x16	0	env-0	Discrete(7)	NEXT	0.968359375	2507662065	Dict(image:Box(7, 7, 3))	36
3	5	619	DONE	20200924T003139.345437	0	[14 14]	minigridkit_minigridkit_minigrid16x16	0	env-0	Discrete(7)	NEXT	0.96044921875	2749406974	Dict(image:Box(7, 7, 3))	45
3	5	620	DONE	20200924T003139.598439	0	[14 14]	minigridkit_minigridkit_minigrid16x16	0	env-0	Discrete(7)	NEXT	0.9630859375	495078502	Dict(image:Box(7, 7, 3))	42
3	5	621	DONE	20200924T003139.835437	0	[14 14]	minigridkit_minigridkit_minigrid16x16	0	env-0	Discrete(7)	NEXT	0.93583984375	966053150	Dict(image:Box(7, 7, 3))	73
3	5	622	DONE	20200924T003139.972437	0	[14 14]	minigridkit_minigridkit_minigrid16x16	0	env-0	Discrete(7)	NEXT	0.968359375	4199883559	Dict(image:Box(7, 7, 3))	36
3	5	623	DONE	20200924T003140.203436	0	[14 14]	minigridkit_minigridkit_minigrid16x16	0	env-0	Discrete(7)	NEXT	0.93671875	2767294627	Dict(image:Box(7, 7, 3))	72
3	5	624	DONE	20200924T003140.447435	0	[14 14]	minigridkit_minigridkit_minigrid16x16	0	env-0	Discrete(7)	NEXT	0.96572265625	666369599	Dict(image:Box(7, 7, 3))	39
3	5	625	DONE	20200924T003140.619436	0	[14 14]	minigridkit_minigridkit_minigrid16x16	0	env-0	Discrete(7)	NEXT	0.95693359375	2203113692	Dict(image:Box(7, 7, 3))	49
3	5	626	DONE	20200924T003140.736436	0	[14 14]	minigridkit_minigridkit_minigrid16x16	0	env-0	Discrete(7)	NEXT	0.971875	2397374165	Dict(image:Box(7, 7, 3))	32
3	5	627	DONE	20200924T003140.867435	0	[14 14]	minigridkit_minigridkit_minigrid16x16	0	env-0	Discrete(7)	NEXT	0.968359375	693820428	Dict(image:Box(7, 7, 3))	36
3	5	628	DONE	20200924T003140.999436	0	[14 14]	minigridkit_minigridkit_minigrid16x16	0	env-0	Discrete(7)	NEXT	0.9666015625	3574304914	Dict(image:Box(7, 7, 3))	38
3	5	629	DONE	20200924T003141.237436	0	[14 14]	minigridkit_minigridkit_minigrid16x16	0	env-0	Discrete(7)	NEXT	0.968359375	1286623811	Dict(image:Box(7, 7, 3))	36
3	5	630	DONE	20200924T003141.354438	0	[14 14]	minigridkit_minigridkit_minigrid16x16	0	env-0	Discrete(7)	NEXT	0.96923828125	3650377762	Dict(image:Box(7, 7, 3))	35
3	5	631	DONE	20200924T003141.506437	0	[14 14]	minigridkit_minigridkit_minigrid16x16	0	env-0	Discrete(7)	NEXT	0.96220703125	968573111	Dict(image:Box(7, 7, 3))	43
3	5	632	DONE	20200924T003141.651436	0	[14 14]	minigridkit_minigridkit_minigrid16x16	0	env-0	Discrete(7)	NEXT	0.96396484375	3854000149	Dict(image:Box(7, 7, 3))	41
3	5	633	DONE	20200924T003141.789436	0	[14 14]	minigridkit_minigridkit_minigrid16x16	0	env-0	Discrete(7)	NEXT	0.96484375	1455022432	Dict(image:Box(7, 7, 3))	40
3	5	634	DONE	20200924T003142.043435	0	[14 14]	minigridkit_minigridkit_minigrid16x16	0	env-0	Discrete(7)	NEXT	0.968359375	3137909994	Dict(image:Box(7, 7, 3))	36
3	5	635	DONE	20200924T003142.170437	0	[14 14]	minigridkit_minigridkit_minigrid16x16	0	env-0	Discrete(7)	NEXT	0.9666015625	182330139	Dict(image:Box(7, 7, 3))	38
3	5	636	DONE	20200924T003142.326439	0	[14 14]	minigridkit_minigridkit_minigrid16x16	0	env-0	Discrete(7)	NEXT	0.9595703125	1751458271	Dict(image:Box(7, 7, 3))	46
3	5	637	DONE	20200924T003142.437435	0	[14 14]	minigridkit_minigridkit_minigrid16x16	0	env-0	Discrete(7)	NEXT	0.9736328125	3284735604	Dict(image:Box(7, 7, 3))	30
3	5	638	DONE	20200924T003142.595437	0	[14 14]	minigridkit_minigridkit_minigrid16x16	0	env-0	Discrete(7)	NEXT	0.9595703125	3334807477	Dict(image:Box(7, 7, 3))	46
3	5	639	DONE	20200924T003142.819435	0	[14 14]	minigridkit_minigridkit_minigrid16x16	0	env-0	Discrete(7)	NEXT	0.9736328125	4286103258	Dict(image:Box(7, 7, 3))	30
3	5	640	DONE	20200924T003142.948436	0	[14 14]	minigridkit_minigridkit_minigrid16x16	0	env-0	Discrete(7)	NEXT	0.971875	2711945549	Dict(image:Box(7, 7, 3))	32
3	5	641	DONE	20200924T003143.065435	0	[14 14]	minigridkit_minigridkit_minigrid16x16	0	env-0	Discrete(7)	NEXT	0.96923828125	2058012494	Dict(image:Box(7, 7, 3))	35
3	5	642	DONE	20200924T003143.224436	0	[14 14]	minigridkit_minigridkit_minigrid16x16	0	env-0	Discrete(7)	NEXT	0.961328125	2076701544	Dict(image:Box(7, 7, 3))	44
3	5	643	DONE	20200924T003143.344435	0	[14 14]	minigridkit_minigridkit_minigrid16x16	0	env-0	Discrete(7)	NEXT	0.971875	2178596492	Dict(image:Box(7, 7, 3))	32
3	5	644	DONE	20200924T003143.459440	0	[14 14]	minigridkit_minigridkit_minigrid16x16	0	env-0	Discrete(7)	NEXT	0.971875	3010464466	Dict(image:Box(7, 7, 3))	32
3	5	645	DONE	20200924T003143.752436	0	[14 14]	minigridkit_minigridkit_minigrid16x16	0	env-0	Discrete(7)	NEXT	0.95341796875	3711661237	Dict(image:Box(7, 7, 3))	53
3	5	646	DONE	20200924T003143.997436	0	[14 14]	minigridkit_minigridkit_minigrid16x16	0	env-0	Discrete(7)	NEXT	0.9314453125	1576880104	Dict(image:Box(7, 7, 3))	78
3	5	647	DONE	20200924T003144.407436	0	[14 14]	minigridkit_minigridkit_minigrid16x16	0	env-0	Discrete(7)	NEXT	0.91650390625	1207296856	Dict(image:Box(7, 7, 3))	95
3	5	648	DONE	20200924T003144.524435	0	[14 14]	minigridkit_minigridkit_minigrid16x16	0	env-0	Discrete(7)	NEXT	0.97275390625	734076689	Dict(image:Box(7, 7, 3))	31
3	5	649	DONE	20200924T003144.700438	0	[14 14]	minigridkit_minigridkit_minigrid16x16	0	env-0	Discrete(7)	NEXT	0.95341796875	574316345	Dict(image:Box(7, 7, 3))	53
3	5	650	DONE	20200924T003144.848435	0	[14 14]	minigridkit_minigridkit_minigrid16x16	0	env-0	Discrete(7)	NEXT	0.961328125	1526648095	Dict(image:Box(7, 7, 3))	44
3	5	651	DONE	20200924T003144.971437	0	[14 14]	minigridkit_minigridkit_minigrid16x16	0	env-0	Discrete(7)	NEXT	0.9701171875	1124494172	Dict(image:Box(7, 7, 3))	34
3	5	652	DONE	20200924T003145.248435	0	[14 14]	minigridkit_minigridkit_minigrid16x16	0	env-0	Discrete(7)	NEXT	0.9578125	1665756800	Dict(image:Box(7, 7, 3))	48
3	5	653	DONE	20200924T003145.404437	0	[14 14]	minigridkit_minigridkit_minigrid16x16	0	env-0	Discrete(7)	NEXT	0.96220703125	2503861324	Dict(image:Box(7, 7, 3))	43
3	5	654	DONE	20200924T003145.566436	0	[14 14]	minigridkit_minigridkit_minigrid16x16	0	env-0	Discrete(7)	NEXT	0.9578125	754404002	Dict(image:Box(7, 7, 3))	48
3	5	655	DONE	20200924T003145.735434	0	[14 14]	minigridkit_minigridkit_minigrid16x16	0	env-0	Discrete(7)	NEXT	0.9578125	3786200612	Dict(image:Box(7, 7, 3))	48
3	5	656	DONE	20200924T003146.151435	0	[14 14]	minigridkit_minigridkit_minigrid16x16	0	env-0	Discrete(7)	NEXT	0.915625	289281781	Dict(image:Box(7, 7, 3))	96
3	5	657	DONE	20200924T003146.287437	0	[14 14]	minigridkit_minigridkit_minigrid16x16	0	env-0	Discrete(7)	NEXT	0.96748046875	310686358	Dict(image:Box(7, 7, 3))	37
3	5	658	DONE	20200924T003146.554433	0	[14 14]	minigridkit_minigridkit_minigrid16x16	0	env-0	Discrete(7)	NEXT	0.92265625	3589770087	Dict(image:Box(7, 7, 3))	88
3	5	659	DONE	20200924T003146.820435	0	[14 14]	minigridkit_minigridkit_minigrid16x16	0	env-0	Discrete(7)	NEXT	0.96396484375	1403177798	Dict(image:Box(7, 7, 3))	41
3	5	660	DONE	20200924T003146.949438	0	[14 14]	minigridkit_minigridkit_minigrid16x16	0	env-0	Discrete(7)	NEXT	0.9736328125	3850501484	Dict(image:Box(7, 7, 3))	30
3	5	661	DONE	20200924T003147.082436	0	[14 14]	minigridkit_minigridkit_minigrid16x16	0	env-0	Discrete(7)	NEXT	0.971875	3725035163	Dict(image:Box(7, 7, 3))	32
3	5	662	DONE	20200924T003147.304436	0	[14 14]	minigridkit_minigridkit_minigrid16x16	0	env-0	Discrete(7)	NEXT	0.95517578125	850569224	Dict(image:Box(7, 7, 3))	51
3	5	663	DONE	20200924T003147.447435	0	[14 14]	minigridkit_minigridkit_minigrid16x16	0	env-0	Discrete(7)	NEXT	0.96484375	3851076462	Dict(image:Box(7, 7, 3))	40
3	5	664	DONE	20200924T003147.685434	0	[14 14]	minigridkit_minigridkit_minigrid16x16	0	env-0	Discrete(7)	NEXT	0.968359375	1286751793	Dict(image:Box(7, 7, 3))	36
3	5	665	DONE	20200924T003147.809437	0	[14 14]	minigridkit_minigridkit_minigrid16x16	0	env-0	Discrete(7)	NEXT	0.971875	2097825030	Dict(image:Box(7, 7, 3))	32
3	5	666	DONE	20200924T003148.006437	0	[14 14]	minigridkit_minigridkit_minigrid16x16	0	env-0	Discrete(7)	NEXT	0.947265625	3476302971	Dict(image:Box(7, 7, 3))	60
3	5	667	DONE	20200924T003148.170435	0	[14 14]	minigridkit_minigridkit_minigrid16x16	0	env-0	Discrete(7)	NEXT	0.95693359375	2353917538	Dict(image:Box(7, 7, 3))	49
3	5	668	DONE	20200924T003148.285433	0	[14 14]	minigridkit_minigridkit_minigrid16x16	0	env-0	Discrete(7)	NEXT	0.971875	103432623	Dict(image:Box(7, 7, 3))	32
3	5	669	DONE	20200924T003148.531438	0	[14 14]	minigridkit_minigridkit_minigrid16x16	0	env-0	Discrete(7)	NEXT	0.97099609375	1272643807	Dict(image:Box(7, 7, 3))	33
3	5	670	DONE	20200924T003148.651435	0	[14 14]	minigridkit_minigridkit_minigrid16x16	0	env-0	Discrete(7)	NEXT	0.971875	3615292551	Dict(image:Box(7, 7, 3))	32
3	5	671	DONE	20200924T003148.783435	0	[14 14]	minigridkit_minigridkit_minigrid16x16	0	env-0	Discrete(7)	NEXT	0.9701171875	1219097362	Dict(image:Box(7, 7, 3))	34
3	5	672	DONE	20200924T003148.900434	0	[14 14]	minigridkit_minigridkit_minigrid16x16	0	env-0	Discrete(7)	NEXT	0.97099609375	1790180641	Dict(image:Box(7, 7, 3))	33
3	5	673	DONE	20200924T003149.042437	0	[14 14]	minigridkit_minigridkit_minigrid16x16	0	env-0	Discrete(7)	NEXT	0.96484375	2761536888	Dict(image:Box(7, 7, 3))	40
3	5	674	DONE	20200924T003149.355545	0	[14 14]	minigridkit_minigridkit_minigrid16x16	0	env-0	Discrete(7)	NEXT	0.94287109375	848702237	Dict(image:Box(7, 7, 3))	65
3	5	675	DONE	20200924T003149.493546	0	[14 14]	minigridkit_minigridkit_minigrid16x16	0	env-0	Discrete(7)	NEXT	0.9630859375	1205382797	Dict(image:Box(7, 7, 3))	42
3	5	676	DONE	20200924T003149.674543	0	[14 14]	minigridkit_minigridkit_minigrid16x16	0	env-0	Discrete(7)	NEXT	0.9525390625	2340957918	Dict(image:Box(7, 7, 3))	54
3	5	677	DONE	20200924T003150.064565	0	[14 14]	minigridkit_minigridkit_minigrid16x16	0	env-0	Discrete(7)	NEXT	0.92353515625	2124030739	Dict(image:Box(7, 7, 3))	87
3	5	678	DONE	20200924T003150.201566	0	[14 14]	minigridkit_minigridkit_minigrid16x16	0	env-0	Discrete(7)	NEXT	0.96748046875	728459386	Dict(image:Box(7, 7, 3))	37
3	5	679	DONE	20200924T003150.321666	0	[14 14]	minigridkit_minigridkit_minigrid16x16	0	env-0	Discrete(7)	NEXT	0.97099609375	1459107006	Dict(image:Box(7, 7, 3))	33
3	5	680	DONE	20200924T003150.501667	0	[14 14]	minigridkit_minigridkit_minigrid16x16	0	env-0	Discrete(7)	NEXT	0.95341796875	2296615145	Dict(image:Box(7, 7, 3))	53
3	5	681	DONE	20200924T003150.615666	0	[14 14]	minigridkit_minigridkit_minigrid16x16	0	env-0	Discrete(7)	NEXT	0.971875	4116103651	Dict(image:Box(7, 7, 3))	32
3	5	682	DONE	20200924T003150.913664	0	[14 14]	minigridkit_minigridkit_minigrid16x16	0	env-0	Discrete(7)	NEXT	0.9525390625	676095766	Dict(image:Box(7, 7, 3))	54
3	5	683	DONE	20200924T003151.039662	0	[14 14]	minigridkit_minigridkit_minigrid16x16	0	env-0	Discrete(7)	NEXT	0.968359375	3804958280	Dict(image:Box(7, 7, 3))	36
3	5	684	DONE	20200924T003151.277707	0	[14 14]	minigridkit_minigridkit_minigrid16x16	0	env-0	Discrete(7)	NEXT	0.93671875	599491780	Dict(image:Box(7, 7, 3))	72
3	5	685	DONE	20200924T003151.417706	0	[14 14]	minigridkit_minigridkit_minigrid16x16	0	env-0	Discrete(7)	NEXT	0.9630859375	3936978406	Dict(image:Box(7, 7, 3))	42
3	5	686	DONE	20200924T003151.806709	0	[14 14]	minigridkit_minigridkit_minigrid16x16	0	env-0	Discrete(7)	NEXT	0.926171875	3513163627	Dict(image:Box(7, 7, 3))	84
3	5	687	DONE	20200924T003151.936708	0	[14 14]	minigridkit_minigridkit_minigrid16x16	0	env-0	Discrete(7)	NEXT	0.9701171875	772185702	Dict(image:Box(7, 7, 3))	34
3	5	688	DONE	20200924T003152.056707	0	[14 14]	minigridkit_minigridkit_minigrid16x16	0	env-0	Discrete(7)	NEXT	0.971875	2532513091	Dict(image:Box(7, 7, 3))	32
3	5	689	DONE	20200924T003152.171708	0	[14 14]	minigridkit_minigridkit_minigrid16x16	0	env-0	Discrete(7)	NEXT	0.9736328125	3846582757	Dict(image:Box(7, 7, 3))	30
3	5	690	DONE	20200924T003152.284705	0	[14 14]	minigridkit_minigridkit_minigrid16x16	0	env-0	Discrete(7)	NEXT	0.971875	1339344582	Dict(image:Box(7, 7, 3))	32
3	5	691	DONE	20200924T003152.566706	0	[14 14]	minigridkit_minigridkit_minigrid16x16	0	env-0	Discrete(7)	NEXT	0.954296875	3307695733	Dict(image:Box(7, 7, 3))	52
3	5	692	DONE	20200924T003152.677710	0	[14 14]	minigridkit_minigridkit_minigrid16x16	0	env-0	Discrete(7)	NEXT	0.9736328125	4061352280	Dict(image:Box(7, 7, 3))	30
3	5	693	DONE	20200924T003152.780705	0	[14 14]	minigridkit_minigridkit_minigrid16x16	0	env-0	Discrete(7)	NEXT	0.9736328125	2279391174	Dict(image:Box(7, 7, 3))	30
3	5	694	DONE	20200924T003152.924709	0	[14 14]	minigridkit_minigridkit_minigrid16x16	0	env-0	Discrete(7)	NEXT	0.96396484375	2782044952	Dict(image:Box(7, 7, 3))	41
3	5	695	DONE	20200924T003153.044706	0	[14 14]	minigridkit_minigridkit_minigrid16x16	0	env-0	Discrete(7)	NEXT	0.9701171875	2893333412	Dict(image:Box(7, 7, 3))	34
3	5	696	DONE	20200924T003153.171706	0	[14 14]	minigridkit_minigridkit_minigrid16x16	0	env-0	Discrete(7)	NEXT	0.968359375	2750600935	Dict(image:Box(7, 7, 3))	36
3	5	697	DONE	20200924T003153.424707	0	[14 14]	minigridkit_minigridkit_minigrid16x16	0	env-0	Discrete(7)	NEXT	0.96748046875	2154940025	Dict(image:Box(7, 7, 3))	37
3	5	698	DONE	20200924T003153.536707	0	[14 14]	minigridkit_minigridkit_minigrid16x16	0	env-0	Discrete(7)	NEXT	0.9736328125	4189822712	Dict(image:Box(7, 7, 3))	30
3	5	699	DONE	20200924T003153.654707	0	[14 14]	minigridkit_minigridkit_minigrid16x16	0	env-0	Discrete(7)	NEXT	0.971875	4294341312	Dict(image:Box(7, 7, 3))	32
3	5	700	DONE	20200924T003153.800233	0	[14 14]	minigridkit_minigridkit_minigrid16x16	0	env-0	Discrete(7)	NEXT	0.9701171875	2999861528	Dict(image:Box(7, 7, 3))	34
3	5	701	DONE	20200924T003154.021233	0	[14 14]	minigridkit_minigridkit_minigrid16x16	0	env-0	Discrete(7)	NEXT	0.961328125	3136903461	Dict(image:Box(7, 7, 3))	44
3	5	702	DONE	20200924T003154.360245	0	[14 14]	minigridkit_minigridkit_minigrid16x16	0	env-0	Discrete(7)	NEXT	0.968359375	3529188751	Dict(image:Box(7, 7, 3))	36
3	5	703	DONE	20200924T003154.509791	0	[14 14]	minigridkit_minigridkit_minigrid16x16	0	env-0	Discrete(7)	NEXT	0.9595703125	2968559586	Dict(image:Box(7, 7, 3))	46
3	5	704	DONE	20200924T003154.722789	0	[14 14]	minigridkit_minigridkit_minigrid16x16	0	env-0	Discrete(7)	NEXT	0.9419921875	3960007814	Dict(image:Box(7, 7, 3))	66
3	5	705	DONE	20200924T003155.056789	0	[14 14]	minigridkit_minigridkit_minigrid16x16	0	env-0	Discrete(7)	NEXT	0.9314453125	1443221607	Dict(image:Box(7, 7, 3))	78
3	5	706	DONE	20200924T003155.248788	0	[14 14]	minigridkit_minigridkit_minigrid16x16	0	env-0	Discrete(7)	NEXT	0.9455078125	3032198491	Dict(image:Box(7, 7, 3))	62
3	5	707	DONE	20200924T003155.344789	0	[14 14]	minigridkit_minigridkit_minigrid16x16	0	env-0	Discrete(7)	NEXT	0.97275390625	3979772526	Dict(image:Box(7, 7, 3))	31
3	5	708	DONE	20200924T003155.736791	0	[14 14]	minigridkit_minigridkit_minigrid16x16	0	env-0	Discrete(7)	NEXT	0.9015625	67857639	Dict(image:Box(7, 7, 3))	112
3	5	709	DONE	20200924T003155.833005	0	[14 14]	minigridkit_minigridkit_minigrid16x16	0	env-0	Discrete(7)	NEXT	0.9736328125	4159964013	Dict(image:Box(7, 7, 3))	30
3	5	710	DONE	20200924T003155.958003	0	[14 14]	minigridkit_minigridkit_minigrid16x16	0	env-0	Discrete(7)	NEXT	0.96396484375	3499100454	Dict(image:Box(7, 7, 3))	41
3	5	711	DONE	20200924T003156.061002	0	[14 14]	minigridkit_minigridkit_minigrid16x16	0	env-0	Discrete(7)	NEXT	0.9701171875	3396133078	Dict(image:Box(7, 7, 3))	34
3	5	712	DONE	20200924T003156.217005	0	[14 14]	minigridkit_minigridkit_minigrid16x16	0	env-0	Discrete(7)	NEXT	0.9525390625	2542019059	Dict(image:Box(7, 7, 3))	54
3	5	713	DONE	20200924T003156.485002	0	[14 14]	minigridkit_minigridkit_minigrid16x16	0	env-0	Discrete(7)	NEXT	0.94990234375	1626887015	Dict(image:Box(7, 7, 3))	57
3	5	714	DONE	20200924T003156.577004	0	[14 14]	minigridkit_minigridkit_minigrid16x16	0	env-0	Discrete(7)	NEXT	0.9736328125	3368634441	Dict(image:Box(7, 7, 3))	30
3	5	715	DONE	20200924T003156.735112	0	[14 14]	minigridkit_minigridkit_minigrid16x16	0	env-0	Discrete(7)	NEXT	0.954296875	1388790840	Dict(image:Box(7, 7, 3))	52
3	5	716	DONE	20200924T003156.863109	0	[14 14]	minigridkit_minigridkit_minigrid16x16	0	env-0	Discrete(7)	NEXT	0.96044921875	3783829952	Dict(image:Box(7, 7, 3))	45
3	5	717	DONE	20200924T003157.006112	0	[14 14]	minigridkit_minigridkit_minigrid16x16	0	env-0	Discrete(7)	NEXT	0.9595703125	3109386232	Dict(image:Box(7, 7, 3))	46
3	5	718	DONE	20200924T003157.202140	0	[14 14]	minigridkit_minigridkit_minigrid16x16	0	env-0	Discrete(7)	NEXT	0.971875	1929603603	Dict(image:Box(7, 7, 3))	32
3	5	719	DONE	20200924T003157.351138	0	[14 14]	minigridkit_minigridkit_minigrid16x16	0	env-0	Discrete(7)	NEXT	0.9560546875	528119775	Dict(image:Box(7, 7, 3))	50
3	5	720	DONE	20200924T003157.459137	0	[14 14]	minigridkit_minigridkit_minigrid16x16	0	env-0	Discrete(7)	NEXT	0.9701171875	3996461759	Dict(image:Box(7, 7, 3))	34
3	5	721	DONE	20200924T003157.600140	0	[14 14]	minigridkit_minigridkit_minigrid16x16	0	env-0	Discrete(7)	NEXT	0.9578125	2374575030	Dict(image:Box(7, 7, 3))	48
3	5	722	DONE	20200924T003157.918140	0	[14 14]	minigridkit_minigridkit_minigrid16x16	0	env-0	Discrete(7)	NEXT	0.92529296875	1219632391	Dict(image:Box(7, 7, 3))	85
3	5	723	DONE	20200924T003158.047138	0	[14 14]	minigridkit_minigridkit_minigrid16x16	0	env-0	Discrete(7)	NEXT	0.961328125	406305601	Dict(image:Box(7, 7, 3))	44
3	5	724	DONE	20200924T003158.158139	0	[14 14]	minigridkit_minigridkit_minigrid16x16	0	env-0	Discrete(7)	NEXT	0.9701171875	2946831739	Dict(image:Box(7, 7, 3))	34
3	5	725	DONE	20200924T003158.278139	0	[14 14]	minigridkit_minigridkit_minigrid16x16	0	env-0	Discrete(7)	NEXT	0.968359375	4104395296	Dict(image:Box(7, 7, 3))	36
3	5	726	DONE	20200924T003158.547673	0	[14 14]	minigridkit_minigridkit_minigrid16x16	0	env-0	Discrete(7)	NEXT	0.9525390625	3859826591	Dict(image:Box(7, 7, 3))	54
3	5	727	DONE	20200924T003158.718670	0	[14 14]	minigridkit_minigridkit_minigrid16x16	0	env-0	Discrete(7)	NEXT	0.95517578125	1169025492	Dict(image:Box(7, 7, 3))	51
3	5	728	DONE	20200924T003158.871671	0	[14 14]	minigridkit_minigridkit_minigrid16x16	0	env-0	Discrete(7)	NEXT	0.9630859375	907938466	Dict(image:Box(7, 7, 3))	42
3	5	729	DONE	20200924T003159.002672	0	[14 14]	minigridkit_minigridkit_minigrid16x16	0	env-0	Discrete(7)	NEXT	0.961328125	1478155476	Dict(image:Box(7, 7, 3))	44
3	5	730	DONE	20200924T003159.107670	0	[14 14]	minigridkit_minigridkit_minigrid16x16	0	env-0	Discrete(7)	NEXT	0.9701171875	2550213135	Dict(image:Box(7, 7, 3))	34
3	5	731	DONE	20200924T003159.312669	0	[14 14]	minigridkit_minigridkit_minigrid16x16	0	env-0	Discrete(7)	NEXT	0.9701171875	1991851106	Dict(image:Box(7, 7, 3))	34
3	5	732	DONE	20200924T003159.467671	0	[14 14]	minigridkit_minigridkit_minigrid16x16	0	env-0	Discrete(7)	NEXT	0.95078125	304332840	Dict(image:Box(7, 7, 3))	56
3	5	733	DONE	20200924T003159.579671	0	[14 14]	minigridkit_minigridkit_minigrid16x16	0	env-0	Discrete(7)	NEXT	0.9701171875	4099183215	Dict(image:Box(7, 7, 3))	34
3	5	734	DONE	20200924T003159.703671	0	[14 14]	minigridkit_minigridkit_minigrid16x16	0	env-0	Discrete(7)	NEXT	0.96572265625	4268538773	Dict(image:Box(7, 7, 3))	39
3	5	735	DONE	20200924T003159.951749	0	[14 14]	minigridkit_minigridkit_minigrid16x16	0	env-0	Discrete(7)	NEXT	0.95078125	7881947	Dict(image:Box(7, 7, 3))	56
3	5	736	DONE	20200924T003200.109747	0	[14 14]	minigridkit_minigridkit_minigrid16x16	0	env-0	Discrete(7)	NEXT	0.9630859375	1786854041	Dict(image:Box(7, 7, 3))	42
3	5	737	DONE	20200924T003200.220750	0	[14 14]	minigridkit_minigridkit_minigrid16x16	0	env-0	Discrete(7)	NEXT	0.9701171875	3021804373	Dict(image:Box(7, 7, 3))	34
3	5	738	DONE	20200924T003200.338749	0	[14 14]	minigridkit_minigridkit_minigrid16x16	0	env-0	Discrete(7)	NEXT	0.9666015625	896044945	Dict(image:Box(7, 7, 3))	38
3	5	739	DONE	20200924T003200.439750	0	[14 14]	minigridkit_minigridkit_minigrid16x16	0	env-0	Discrete(7)	NEXT	0.971875	554696376	Dict(image:Box(7, 7, 3))	32
3	5	740	DONE	20200924T003200.537749	0	[14 14]	minigridkit_minigridkit_minigrid16x16	0	env-0	Discrete(7)	NEXT	0.9736328125	1614276351	Dict(image:Box(7, 7, 3))	30
3	5	741	DONE	20200924T003200.793747	0	[14 14]	minigridkit_minigridkit_minigrid16x16	0	env-0	Discrete(7)	NEXT	0.95078125	83308071	Dict(image:Box(7, 7, 3))	56
3	5	742	DONE	20200924T003200.900748	0	[14 14]	minigridkit_minigridkit_minigrid16x16	0	env-0	Discrete(7)	NEXT	0.9701171875	4164132257	Dict(image:Box(7, 7, 3))	34
3	5	743	DONE	20200924T003201.047748	0	[14 14]	minigridkit_minigridkit_minigrid16x16	0	env-0	Discrete(7)	NEXT	0.95693359375	1238908957	Dict(image:Box(7, 7, 3))	49
3	5	744	DONE	20200924T003201.156749	0	[14 14]	minigridkit_minigridkit_minigrid16x16	0	env-0	Discrete(7)	NEXT	0.96748046875	1372180755	Dict(image:Box(7, 7, 3))	37
3	5	745	DONE	20200924T003201.271960	0	[14 14]	minigridkit_minigridkit_minigrid16x16	0	env-0	Discrete(7)	NEXT	0.9666015625	1112525458	Dict(image:Box(7, 7, 3))	38
3	5	746	DONE	20200924T003201.490960	0	[14 14]	minigridkit_minigridkit_minigrid16x16	0	env-0	Discrete(7)	NEXT	0.9630859375	3773679206	Dict(image:Box(7, 7, 3))	42
3	5	747	DONE	20200924T003201.737044	0	[14 14]	minigridkit_minigridkit_minigrid16x16	0	env-0	Discrete(7)	NEXT	0.926171875	2970731329	Dict(image:Box(7, 7, 3))	84
3	5	748	DONE	20200924T003201.848043	0	[14 14]	minigridkit_minigridkit_minigrid16x16	0	env-0	Discrete(7)	NEXT	0.97275390625	3998075765	Dict(image:Box(7, 7, 3))	31
3	5	749	DONE	20200924T003201.964678	0	[14 14]	minigridkit_minigridkit_minigrid16x16	0	env-0	Discrete(7)	NEXT	0.9701171875	444960530	Dict(image:Box(7, 7, 3))	34
3	5	750	DONE	20200924T003202.262676	0	[14 14]	minigridkit_minigridkit_minigrid16x16	0	env-0	Discrete(7)	NEXT	0.954296875	1525441229	Dict(image:Box(7, 7, 3))	52
3	5	751	DONE	20200924T003202.418707	0	[14 14]	minigridkit_minigridkit_minigrid16x16	0	env-0	Discrete(7)	NEXT	0.961328125	1837704465	Dict(image:Box(7, 7, 3))	44
3	5	752	DONE	20200924T003202.543707	0	[14 14]	minigridkit_minigridkit_minigrid16x16	0	env-0	Discrete(7)	NEXT	0.96572265625	1673365589	Dict(image:Box(7, 7, 3))	39
3	5	753	DONE	20200924T003202.674782	0	[14 14]	minigridkit_minigridkit_minigrid16x16	0	env-0	Discrete(7)	NEXT	0.9630859375	393219220	Dict(image:Box(7, 7, 3))	42
3	5	754	DONE	20200924T003202.778783	0	[14 14]	minigridkit_minigridkit_minigrid16x16	0	env-0	Discrete(7)	NEXT	0.971875	3292445446	Dict(image:Box(7, 7, 3))	32
3	5	755	DONE	20200924T003202.987819	0	[14 14]	minigridkit_minigridkit_minigrid16x16	0	env-0	Discrete(7)	NEXT	0.968359375	3843563887	Dict(image:Box(7, 7, 3))	36
3	5	756	DONE	20200924T003203.099818	0	[14 14]	minigridkit_minigridkit_minigrid16x16	0	env-0	Discrete(7)	NEXT	0.968359375	963162362	Dict(image:Box(7, 7, 3))	36
3	5	757	DONE	20200924T003203.239820	0	[14 14]	minigridkit_minigridkit_minigrid16x16	0	env-0	Discrete(7)	NEXT	0.96220703125	3926082151	Dict(image:Box(7, 7, 3))	43
3	5	758	DONE	20200924T003203.353818	0	[14 14]	minigridkit_minigridkit_minigrid16x16	0	env-0	Discrete(7)	NEXT	0.9701171875	2008056611	Dict(image:Box(7, 7, 3))	34
3	5	759	DONE	20200924T003203.495819	0	[14 14]	minigridkit_minigridkit_minigrid16x16	0	env-0	Discrete(7)	NEXT	0.961328125	792070243	Dict(image:Box(7, 7, 3))	44
3	5	760	DONE	20200924T003203.706953	0	[14 14]	minigridkit_minigridkit_minigrid16x16	0	env-0	Discrete(7)	NEXT	0.971875	1380460181	Dict(image:Box(7, 7, 3))	32
3	5	761	DONE	20200924T003203.812952	0	[14 14]	minigridkit_minigridkit_minigrid16x16	0	env-0	Discrete(7)	NEXT	0.9701171875	1188666930	Dict(image:Box(7, 7, 3))	34
3	5	762	DONE	20200924T003203.919953	0	[14 14]	minigridkit_minigridkit_minigrid16x16	0	env-0	Discrete(7)	NEXT	0.9701171875	4195888595	Dict(image:Box(7, 7, 3))	34
3	5	763	DONE	20200924T003204.042016	0	[14 14]	minigridkit_minigridkit_minigrid16x16	0	env-0	Discrete(7)	NEXT	0.968359375	681352017	Dict(image:Box(7, 7, 3))	36
3	5	764	DONE	20200924T003204.178014	0	[14 14]	minigridkit_minigridkit_minigrid16x16	0	env-0	Discrete(7)	NEXT	0.9630859375	1645890017	Dict(image:Box(7, 7, 3))	42
3	5	765	DONE	20200924T003204.279016	0	[14 14]	minigridkit_minigridkit_minigrid16x16	0	env-0	Discrete(7)	NEXT	0.971875	329251649	Dict(image:Box(7, 7, 3))	32
3	5	766	DONE	20200924T003204.531017	0	[14 14]	minigridkit_minigridkit_minigrid16x16	0	env-0	Discrete(7)	NEXT	0.95693359375	2095737383	Dict(image:Box(7, 7, 3))	49
3	5	767	DONE	20200924T003204.688018	0	[14 14]	minigridkit_minigridkit_minigrid16x16	0	env-0	Discrete(7)	NEXT	0.9578125	3322270104	Dict(image:Box(7, 7, 3))	48
3	5	768	DONE	20200924T003204.793022	0	[14 14]	minigridkit_minigridkit_minigrid16x16	0	env-0	Discrete(7)	NEXT	0.96923828125	1398660659	Dict(image:Box(7, 7, 3))	35
3	5	769	DONE	20200924T003204.901017	0	[14 14]	minigridkit_minigridkit_minigrid16x16	0	env-0	Discrete(7)	NEXT	0.9701171875	1384172202	Dict(image:Box(7, 7, 3))	34
3	5	770	DONE	20200924T003205.158829	0	[14 14]	minigridkit_minigridkit_minigrid16x16	0	env-0	Discrete(7)	NEXT	0.9560546875	3866193137	Dict(image:Box(7, 7, 3))	50
3	5	771	DONE	20200924T003205.289830	0	[14 14]	minigridkit_minigridkit_minigrid16x16	0	env-0	Discrete(7)	NEXT	0.9630859375	3282430400	Dict(image:Box(7, 7, 3))	42
3	5	772	DONE	20200924T003205.404345	0	[14 14]	minigridkit_minigridkit_minigrid16x16	0	env-0	Discrete(7)	NEXT	0.968359375	3454669752	Dict(image:Box(7, 7, 3))	36
3	5	773	DONE	20200924T003205.542346	0	[14 14]	minigridkit_minigridkit_minigrid16x16	0	env-0	Discrete(7)	NEXT	0.961328125	3137683421	Dict(image:Box(7, 7, 3))	44
3	5	774	DONE	20200924T003205.721386	0	[14 14]	minigridkit_minigridkit_minigrid16x16	0	env-0	Discrete(7)	NEXT	0.94638671875	665799267	Dict(image:Box(7, 7, 3))	61
3	5	775	DONE	20200924T003205.969384	0	[14 14]	minigridkit_minigridkit_minigrid16x16	0	env-0	Discrete(7)	NEXT	0.9560546875	2245694969	Dict(image:Box(7, 7, 3))	50
3	5	776	DONE	20200924T003206.139385	0	[14 14]	minigridkit_minigridkit_minigrid16x16	0	env-0	Discrete(7)	NEXT	0.947265625	3933633405	Dict(image:Box(7, 7, 3))	60
3	5	777	DONE	20200924T003206.258387	0	[14 14]	minigridkit_minigridkit_minigrid16x16	0	env-0	Discrete(7)	NEXT	0.9666015625	395128504	Dict(image:Box(7, 7, 3))	38
3	5	778	DONE	20200924T003206.414386	0	[14 14]	minigridkit_minigridkit_minigrid16x16	0	env-0	Discrete(7)	NEXT	0.9525390625	2513802341	Dict(image:Box(7, 7, 3))	54
3	5	779	DONE	20200924T003206.671435	0	[14 14]	minigridkit_minigridkit_minigrid16x16	0	env-0	Discrete(7)	NEXT	0.94990234375	722203718	Dict(image:Box(7, 7, 3))	57
3	5	780	DONE	20200924T003206.803436	0	[14 14]	minigridkit_minigridkit_minigrid16x16	0	env-0	Discrete(7)	NEXT	0.9630859375	591807529	Dict(image:Box(7, 7, 3))	42
3	5	781	DONE	20200924T003206.947437	0	[14 14]	minigridkit_minigridkit_minigrid16x16	0	env-0	Discrete(7)	NEXT	0.95693359375	2881371610	Dict(image:Box(7, 7, 3))	49
3	5	782	DONE	20200924T003207.052435	0	[14 14]	minigridkit_minigridkit_minigrid16x16	0	env-0	Discrete(7)	NEXT	0.97099609375	3989317579	Dict(image:Box(7, 7, 3))	33
3	5	783	DONE	20200924T003207.280435	0	[14 14]	minigridkit_minigridkit_minigrid16x16	0	env-0	Discrete(7)	NEXT	0.96220703125	2587838179	Dict(image:Box(7, 7, 3))	43
3	5	784	DONE	20200924T003207.413434	0	[14 14]	minigridkit_minigridkit_minigrid16x16	0	env-0	Discrete(7)	NEXT	0.9630859375	3699955021	Dict(image:Box(7, 7, 3))	42
3	5	785	DONE	20200924T003207.696511	0	[14 14]	minigridkit_minigridkit_minigrid16x16	0	env-0	Discrete(7)	NEXT	0.9068359375	4008099116	Dict(image:Box(7, 7, 3))	106
3	5	786	DONE	20200924T003207.903512	0	[14 14]	minigridkit_minigridkit_minigrid16x16	0	env-0	Discrete(7)	NEXT	0.9666015625	1267814642	Dict(image:Box(7, 7, 3))	38
3	5	787	DONE	20200924T003208.025023	0	[14 14]	minigridkit_minigridkit_minigrid16x16	0	env-0	Discrete(7)	NEXT	0.96572265625	2515351568	Dict(image:Box(7, 7, 3))	39
3	5	788	DONE	20200924T003208.247055	0	[14 14]	minigridkit_minigridkit_minigrid16x16	0	env-0	Discrete(7)	NEXT	0.93056640625	3312332435	Dict(image:Box(7, 7, 3))	79
3	5	789	DONE	20200924T003208.377056	0	[14 14]	minigridkit_minigridkit_minigrid16x16	0	env-0	Discrete(7)	NEXT	0.961328125	3829028433	Dict(image:Box(7, 7, 3))	44
3	5	790	DONE	20200924T003208.614054	0	[14 14]	minigridkit_minigridkit_minigrid16x16	0	env-0	Discrete(7)	NEXT	0.95869140625	2648399585	Dict(image:Box(7, 7, 3))	47
3	5	791	DONE	20200924T003208.743054	0	[14 14]	minigridkit_minigridkit_minigrid16x16	0	env-0	Discrete(7)	NEXT	0.9630859375	2088486749	Dict(image:Box(7, 7, 3))	42
3	5	792	DONE	20200924T003208.994055	0	[14 14]	minigridkit_minigridkit_minigrid16x16	0	env-0	Discrete(7)	NEXT	0.93759765625	2877280261	Dict(image:Box(7, 7, 3))	71
3	5	793	DONE	20200924T003209.143053	0	[14 14]	minigridkit_minigridkit_minigrid16x16	0	env-0	Discrete(7)	NEXT	0.96396484375	3503762772	Dict(image:Box(7, 7, 3))	41
3	5	794	DONE	20200924T003209.557243	0	[14 14]	minigridkit_minigridkit_minigrid16x16	0	env-0	Discrete(7)	NEXT	0.91826171875	884978810	Dict(image:Box(7, 7, 3))	93
3	5	795	DONE	20200924T003209.708245	0	[14 14]	minigridkit_minigridkit_minigrid16x16	0	env-0	Discrete(7)	NEXT	0.961328125	3632255541	Dict(image:Box(7, 7, 3))	44
3	5	796	DONE	20200924T003209.837242	0	[14 14]	minigridkit_minigridkit_minigrid16x16	0	env-0	Discrete(7)	NEXT	0.9666015625	2666015670	Dict(image:Box(7, 7, 3))	38
3	5	797	DONE	20200924T003209.997250	0	[14 14]	minigridkit_minigridkit_minigrid16x16	0	env-0	Discrete(7)	NEXT	0.9578125	2723151618	Dict(image:Box(7, 7, 3))	48
3	5	798	DONE	20200924T003210.270794	0	[14 14]	minigridkit_minigridkit_minigrid16x16	0	env-0	Discrete(7)	NEXT	0.961328125	2795420584	Dict(image:Box(7, 7, 3))	44
3	5	799	DONE	20200924T003210.398797	0	[14 14]	minigridkit_minigridkit_minigrid16x16	0	env-0	Discrete(7)	NEXT	0.968359375	3280548573	Dict(image:Box(7, 7, 3))	36
3	5	799	DONE	20200924T003210.403797	0	[14 14]	minigridkit_minigridkit_minigrid16x16	0	env-0	Discrete(7)	RESET	0.968359375	3280548573	Dict(image:Box(7, 7, 3))	36
3	5	799	DONE	20200924T003210.522796	0	[14 14]	minigridkit_minigridkit_minigrid16x16	1	env-0	Discrete(7)	RESET	0.9630859375	3280548573	Dict(image:Box(7, 7, 3))	78
3	5	799	DONE	20200924T003210.732795	0	[14 14]	minigridkit_minigridkit_minigrid16x16	2	env-0	Discrete(7)	RESET	0.940234375	3280548573	Dict(image:Box(7, 7, 3))	146
